pubkey,credentials,amount,signature,index,blockNumber,txHash
0xa1147c6c5938ba7f34423f9dd473bf7b1bb8836ed47ed3ff258146c94d6f10aed73cba3b4668adbe32ca0b53a99034f3,0x010000000000000000000000d6203b0f558b01a678745a6085f6ae6332393d04,10000000000000,0xab361875af84ba3d2c37b42f4666d2c75be6a068f89ac3a2f049f1db59dae24c98c824733d1ef5ebf614e0828e7bff4804dcedcd1481f18ffbb653098096d6678ec635d3e2146233168eea73487f79319765cde04649b82d1c1aec41c290a239,39,516377,0x38119a2cae43614a2b2f1461df9dbd8706aa32f9447d0bf3201355da3e33ae5f
0xa1147c6c5938ba7f34423f9dd473bf7b1bb8836ed47ed3ff258146c94d6f10aed73cba3b4668adbe32ca0b53a99034f3,0x010000000000000000000000d6203b0f558b01a678745a6085f6ae6332393d04,90000000000000,0xb3df0a7acd71ade273f4082db4e199b58172ff040c6a0350249c1a038fba5ba518879b3ebdce17f58957535c897db57914ba1a3b8ab70b6ea47373812ba76fbdf78be3328acc791977cf700419ce5d7f3bec307281d3a0afabadd9048c21a8ab,40,516589,0x517d2da52638a9604955b214020c733849d7360d824d1f9ec9de8ffb934fde2d
0xa1147c6c5938ba7f34423f9dd473bf7b1bb8836ed47ed3ff258146c94d6f10aed73cba3b4668adbe32ca0b53a99034f3,0x010000000000000000000000d6203b0f558b01a678745a6085f6ae6332393d04,600000000000000,0xae004dff0152310ec2063a9177d21e63c355fdfc77578bac4dd914d8d73efa7dfb99325b51eb4b6bbf370e0531f73bbf12efac820581e62841540ba59e84f8781f97ce1ce2f0d09e11dc9d209e72d97fc89881d6d7a08d7e4c832d241ce00ff3,41,516694,0x1dda7c46fccf2aca80fac49b3f080634b8856cde0c40cb17f741bc34b2ba3af2
0xa1147c6c5938ba7f34423f9dd473bf7b1bb8836ed47ed3ff258146c94d6f10aed73cba3b4668adbe32ca0b53a99034f3,0x010000000000000000000000d6203b0f558b01a678745a6085f6ae6332393d04,10000000000000,0xab361875af84ba3d2c37b42f4666d2c75be6a068f89ac3a2f049f1db59dae24c98c824733d1ef5ebf614e0828e7bff4804dcedcd1481f18ffbb653098096d6678ec635d3e2146233168eea73487f79319765cde04649b82d1c1aec41c290a239,42,517326,0xdc9513df6a01556cbf8fecca2f6076631fd063af63aad9ec5b1dfd3f300f9c32
0xa1147c6c5938ba7f34423f9dd473bf7b1bb8836ed47ed3ff258146c94d6f10aed73cba3b4668adbe32ca0b53a99034f3,0x010000000000000000000000d6203b0f558b01a678745a6085f6ae6332393d04,40000000000000,0x8ef9d96cc019074846dbc34c484e8dd0397acc53b2cdbb36257fad62ab21f4ba733e428ca492eb215adefdc0fe0e1f9d0a33b19ef8578b08d5e1aa285525ca95a2fa18ddde3e898b10de90ca88a68e64cdd8ee0be106eff8c2a307cb3beefee7,43,517497,0x148596f3ec22b36c8b986577ee7ad72425bfbfb47789504d199b7c29cbf902cb
0xa1147c6c5938ba7f34423f9dd473bf7b1bb8836ed47ed3ff258146c94d6f10aed73cba3b4668adbe32ca0b53a99034f3,0x010000000000000000000000d6203b0f558b01a678745a6085f6ae6332393d04,700000000000000,0x99017de2bf9de13081b237361062734546670bc53dbc79bb2680b610316164be20cca696e0fcbdbe8a33d5d4d2f870ea08c7ff4b0c8b40cfc312de65e5e28285541d4680c381c2428ca663f86ad50e475fa62d9bb218d43e1d882a4c38360d6d,44,517577,0x02704be75f2de319d1f58dc1f38594b338610c908c574a994fbfdc702e18bb61
0xa1147c6c5938ba7f34423f9dd473bf7b1bb8836ed47ed3ff258146c94d6f10aed73cba3b4668adbe32ca0b53a99034f3,0x010000000000000000000000d6203b0f558b01a678745a6085f6ae6332393d04,10000000000000,0xab361875af84ba3d2c37b42f4666d2c75be6a068f89ac3a2f049f1db59dae24c98c824733d1ef5ebf614e0828e7bff4804dcedcd1481f18ffbb653098096d6678ec635d3e2146233168eea73487f79319765cde04649b82d1c1aec41c290a239,45,517597,0xb2bb17fa804b06b845b17315f0492a42a1baf756cc79fd097c308562c42ffdf0
0xa1147c6c5938ba7f34423f9dd473bf7b1bb8836ed47ed3ff258146c94d6f10aed73cba3b4668adbe32ca0b53a99034f3,0x010000000000000000000000d6203b0f558b01a678745a6085f6ae6332393d04,40000000000000,0x8ef9d96cc019074846dbc34c484e8dd0397acc53b2cdbb36257fad62ab21f4ba733e428ca492eb215adefdc0fe0e1f9d0a33b19ef8578b08d5e1aa285525ca95a2fa18ddde3e898b10de90ca88a68e64cdd8ee0be106eff8c2a307cb3beefee7,46,517615,0x4824033a57c74ad10bdfccfed37751a7511671dd5790c48f9000938d0552c1d1
0xa1147c6c5938ba7f34423f9dd473bf7b1bb8836ed47ed3ff258146c94d6f10aed73cba3b4668adbe32ca0b53a99034f3,0x010000000000000000000000d6203b0f558b01a678745a6085f6ae6332393d04,700000000000000,0x99017de2bf9de13081b237361062734546670bc53dbc79bb2680b610316164be20cca696e0fcbdbe8a33d5d4d2f870ea08c7ff4b0c8b40cfc312de65e5e28285541d4680c381c2428ca663f86ad50e475fa62d9bb218d43e1d882a4c38360d6d,47,517644,0x27f493ad4b64b2fabf1b85d3d3d1f6e6204716e2515ae21f213366ba18d56d0b
0xa1147c6c5938ba7f34423f9dd473bf7b1bb8836ed47ed3ff258146c94d6f10aed73cba3b4668adbe32ca0b53a99034f3,0x010000000000000000000000d6203b0f558b01a678745a6085f6ae6332393d04,10000000000000,0xab361875af84ba3d2c37b42f4666d2c75be6a068f89ac3a2f049f1db59dae24c98c824733d1ef5ebf614e0828e7bff4804dcedcd1481f18ffbb653098096d6678ec635d3e2146233168eea73487f79319765cde04649b82d1c1aec41c290a239,48,517674,0xd08d96d81d2d0248bf24748558ee5363265c493181fe0c8351ade78745819177
0xa1147c6c5938ba7f34423f9dd473bf7b1bb8836ed47ed3ff258146c94d6f10aed73cba3b4668adbe32ca0b53a99034f3,0x010000000000000000000000d6203b0f558b01a678745a6085f6ae6332393d04,50000000000000,0xb90063bc0e5c8c08865c7361952ff7642a751c17d686baca186ea937ecfa1fb9f63b402cf62d4e8930c4411be960f8b40fd3921a8d62e986af0d305730e7515266d5b3cc984ca48b92c7f2142904467647f4975b867108594d4a123f3fd58554,49,517694,0x5d28d00468f0bc136a1fad064fb6e1392edfd80333401415079eaa96e61bc769
0xa1147c6c5938ba7f34423f9dd473bf7b1bb8836ed47ed3ff258146c94d6f10aed73cba3b4668adbe32ca0b53a99034f3,0x010000000000000000000000d6203b0f558b01a678745a6085f6ae6332393d04,700000000000000,0x99017de2bf9de13081b237361062734546670bc53dbc79bb2680b610316164be20cca696e0fcbdbe8a33d5d4d2f870ea08c7ff4b0c8b40cfc312de65e5e28285541d4680c381c2428ca663f86ad50e475fa62d9bb218d43e1d882a4c38360d6d,50,517721,0x58db50e8ea2caff8054afa3b62cc404cbccb634039d35f3b8ab9134aff395886
0x88be126bfda4eee190e6c01a224272ed706424851e203791c7279aeecb6b503059901db35b1821f1efe4e6b445f5cc9f,0x0100000000000000000000008c0e122960dc2e97dc0059c07d6901dce72818e1,10000000000000,0xac1591efeed59107e4222d50052b5e5e36c6e766e64f57536672876da6a72584ad06900b0ef5257878f43787c3fcf4ca116e3e264c84aa0d7aaa2b9d13f58c426a07b1659b06d7ead95cfdee5d0f6282896b9ea59f83f2af6b2a43ccd8d90e28,51,785930,0xf00320900f80c339aa8aa54e86f950d95e2728d5a951b4766fc4345fe445d6fa
0x84d0f5ed328e029f104f7a3bb5778d188b2197415119b95a9719be47fd0e16e3fbda08dbf5bdfde0a7dab95db1807e47,0x0100000000000000000000008c0e122960dc2e97dc0059c07d6901dce72818e1,10000000000000,0xac72da002145c60c0cd9f509b66b54a391b7dcfc9a52742078b4adf81b1a32fd804a264c9446b17e4c5a4c9027ad091b070dc7b28b91240f23c183cdbf04d767baa627402d12fe7627cc72e2cf8f5bb47d4fd6d79002fda4f5dcff454b33ffbe,52,787259,0x72dfc3228cadf371b19e1aee7a9ded267669910a5dcedf827a88a69feeec7756
0x88be126bfda4eee190e6c01a224272ed706424851e203791c7279aeecb6b503059901db35b1821f1efe4e6b445f5cc9f,0x0100000000000000000000008c0e122960dc2e97dc0059c07d6901dce72818e1,300000000000000,0xac1591efeed59107e4222d50052b5e5e36c6e766e64f57536672876da6a72584ad06900b0ef5257878f43787c3fcf4ca116e3e264c84aa0d7aaa2b9d13f58c426a07b1659b06d7ead95cfdee5d0f6282896b9ea59f83f2af6b2a43ccd8d90e28,53,793618,0x12a4926c37fd4358151d46dc57768e16679abb6a00483029bcc62caca90248ec
0xb77084d2b92baa3e01ec5ce57fbd529d3c8e60941c637bdc7c85d9ca2cc56545c3cbea86879dcbe9402f8a55d0284e7b,0x0000000000000000000000000000000000000000000000000000000000000000,10000000000000,0x000000000000000000000000000000000000000000000000000000000000000000000000000000000000000000000000000000000000000000000000000000000000000000000000000000000000000000000000000000000000000000000000,54,796583,0x4f8680df9eb4ed8c7390e3746e1006c432307f1fd2a423607692f8909164e6d2
0xb77084d2b92baa3e01ec5ce57fbd529d3c8e60941c637bdc7c85d9ca2cc56545c3cbea86879dcbe9402f8a55d0284e7b,0x0000000000000000000000000000000000000000000000000000000000000000,40000000000000,0x000000000000000000000000000000000000000000000000000000000000000000000000000000000000000000000000000000000000000000000000000000000000000000000000000000000000000000000000000000000000000000000000,55,859233,0x457d1cdf7016801ae2bc7acdd3bbe7150fbfacbe890d56b81d32aaf59786e692
0x8ccaba10bddc33a4f8d2acdd78593879a84c7466f641f1d9b4238b20ee2d0706894b3e55b0744098c50b9b4821da3207,0x0100000000000000000000008c0e122960dc2e97dc0059c07d6901dce72818e1,10000000000000,0x9573e0429267fd0e0f3156d24c6d1005e93bf552ca765b6cb348fdad368f684131830ddcdff9e68763ff0f413e72db130ba7d08ad07a477a4034e1ae93eae4efc21edc3d31714660789f4332daee272a3dd907fdf8ee2c0e5b254e7dfb91ac8e,56,881890,0xe7a53f64d289adb92d0735c79ade0720e08b7527c67fb98dc484e49e04ae963b
0x928d6f66bfd9cb1ef18da6843ad9db6c1b6ec7e3093705c95224e8f20232f243e7a627d09144360d4c1775d8fafdb0e7,0x0100000000000000000000008c0e122960dc2e97dc0059c07d6901dce72818e1,10000000000000,0xa6dff02f89c3951637e00ca67db8dc0aec209f13022a9d5fc402567acd4eb010d89ef118accb2eb87284f4ccd6da87791053f65ce6be60856e989cabfe39809ef2fa66939fd6cd5410eca551b32140d218d8f334125f37890df7df2c38246d10,57,882726,0xf540c5c65d34ad8620fa20d622145fcd399d2b480f57a1a6d94020f32a805456
0x88be126bfda4eee190e6c01a224272ed706424851e203791c7279aeecb6b503059901db35b1821f1efe4e6b445f5cc9f,0x0100000000000000000000008c0e122960dc2e97dc0059c07d6901dce72818e1,194404400882829,0xac1591efeed59107e4222d50052b5e5e36c6e766e64f57536672876da6a72584ad06900b0ef5257878f43787c3fcf4ca116e3e264c84aa0d7aaa2b9d13f58c426a07b1659b06d7ead95cfdee5d0f6282896b9ea59f83f2af6b2a43ccd8d90e28,58,883575,0x0613e6544ac0f9ec1b389bdc269e11aa444a65544de1756ac9313ed694a48713
0x81cca2094f01fcc54f1e91b9d03067186f1f5a6d1826f1f7d8a877e38b51e365010a140c8ba59f7fa9edd79a7730d4a4,0x010000000000000000000000ea01b36a33633185ea585739e8debaf601a8834b,10000000000000,0x90ec6b4a80fca244617db3b3469c4dde0390669123a99726dd30c98cccc36144f721ada90ede9c89d5a4c521ab1d82ce0f528f53aa61c417d7ebf5d211041c90ccbb1b9b30d969bc2e3b6cad56e67c0bd3327fc18b2e2dcd0eb5e41e7d8f52d6,59,889697,0x54c8524b4ed15cd978632b4c78b81e25df924a38908a37df3729ddfb3932869b
0xa1147c6c5938ba7f34423f9dd473bf7b1bb8836ed47ed3ff258146c94d6f10aed73cba3b4668adbe32ca0b53a99034f3,0x010000000000000000000000d6203b0f558b01a678745a6085f6ae6332393d04,10000000000000,0xab361875af84ba3d2c37b42f4666d2c75be6a068f89ac3a2f049f1db59dae24c98c824733d1ef5ebf614e0828e7bff4804dcedcd1481f18ffbb653098096d6678ec635d3e2146233168eea73487f79319765cde04649b82d1c1aec41c290a239,60,889766,0xeee6d7f518ebe03ffbffb0c2e0e7936fd8901c6c33ee07e57e19f7cda0b459f3
0xa1147c6c5938ba7f34423f9dd473bf7b1bb8836ed47ed3ff258146c94d6f10aed73cba3b4668adbe32ca0b53a99034f3,0x010000000000000000000000d6203b0f558b01a678745a6085f6ae6332393d04,80000000000000,0xb5e1604df1c0b1b02f447dae43375bd925f4498542b20aad2963e5bac8f92f98d5e1be5261b6e9d0c18519dda08dec090dd0ec2a5b8b0572d5f6304a02b2b79058a939122093515afac8ddcb286b2de031b3d10c13b08d1ec56fe8db795bbef3,61,889806,0x08a186382fd547e3bc995e81b50a69a4e04647bc8ea12680621a9a031e520fa1
0xa1147c6c5938ba7f34423f9dd473bf7b1bb8836ed47ed3ff258146c94d6f10aed73cba3b4668adbe32ca0b53a99034f3,0x010000000000000000000000d6203b0f558b01a678745a6085f6ae6332393d04,700000000000000,0x99017de2bf9de13081b237361062734546670bc53dbc79bb2680b610316164be20cca696e0fcbdbe8a33d5d4d2f870ea08c7ff4b0c8b40cfc312de65e5e28285541d4680c381c2428ca663f86ad50e475fa62d9bb218d43e1d882a4c38360d6d,62,889816,0x6e1687ede36e0d31190cc1113c1446ef5c782fa5232ab69d4ae70142f38882a6
0xa1147c6c5938ba7f34423f9dd473bf7b1bb8836ed47ed3ff258146c94d6f10aed73cba3b4668adbe32ca0b53a99034f3,0x010000000000000000000000d6203b0f558b01a678745a6085f6ae6332393d04,10000000000000,0xab361875af84ba3d2c37b42f4666d2c75be6a068f89ac3a2f049f1db59dae24c98c824733d1ef5ebf614e0828e7bff4804dcedcd1481f18ffbb653098096d6678ec635d3e2146233168eea73487f79319765cde04649b82d1c1aec41c290a239,63,889834,0x0351e863a510b028e4e6c10f5d25e06b20f330ce12e956969e38a55e4e948608
0xa1147c6c5938ba7f34423f9dd473bf7b1bb8836ed47ed3ff258146c94d6f10aed73cba3b4668adbe32ca0b53a99034f3,0x010000000000000000000000d6203b0f558b01a678745a6085f6ae6332393d04,50000000000000,0xb90063bc0e5c8c08865c7361952ff7642a751c17d686baca186ea937ecfa1fb9f63b402cf62d4e8930c4411be960f8b40fd3921a8d62e986af0d305730e7515266d5b3cc984ca48b92c7f2142904467647f4975b867108594d4a123f3fd58554,64,889840,0x01c28ccc8aaf60ce78c71d0c01b0eb7c20dcd85f9e62540a976b8dfe94447876
0xa1147c6c5938ba7f34423f9dd473bf7b1bb8836ed47ed3ff258146c94d6f10aed73cba3b4668adbe32ca0b53a99034f3,0x010000000000000000000000d6203b0f558b01a678745a6085f6ae6332393d04,800000000000000,0xa15d9d06878bc7279f20856de280027f69e8144448916c1be296f92456fd82e8e0adcd5d883c1bdf0afaf96952ca0d1709c4999b824ba816ac0250d82a49433fcad66a4a581989ec1d10f6e0aadf629c4ced9131b99db0064ecfebd4b8f9b7d9,65,889848,0x1bc8e2aeeb57500037e182dbe018c2a9866f7d8ee6c74d1eea792920b7a813b9
0xa1147c6c5938ba7f34423f9dd473bf7b1bb8836ed47ed3ff258146c94d6f10aed73cba3b4668adbe32ca0b53a99034f3,0x010000000000000000000000d6203b0f558b01a678745a6085f6ae6332393d04,10000000000000,0xab361875af84ba3d2c37b42f4666d2c75be6a068f89ac3a2f049f1db59dae24c98c824733d1ef5ebf614e0828e7bff4804dcedcd1481f18ffbb653098096d6678ec635d3e2146233168eea73487f79319765cde04649b82d1c1aec41c290a239,66,889872,0x2af3c213861b9f8cd89069d33ffea0b2f0ad03d9f4fcb0fe16e4e17a0d31e24f
0xa1147c6c5938ba7f34423f9dd473bf7b1bb8836ed47ed3ff258146c94d6f10aed73cba3b4668adbe32ca0b53a99034f3,0x010000000000000000000000d6203b0f558b01a678745a6085f6ae6332393d04,90000000000000,0xb3df0a7acd71ade273f4082db4e199b58172ff040c6a0350249c1a038fba5ba518879b3ebdce17f58957535c897db57914ba1a3b8ab70b6ea47373812ba76fbdf78be3328acc791977cf700419ce5d7f3bec307281d3a0afabadd9048c21a8ab,67,889881,0xd177ac4c9c99e62e0f8b108efc231b6d1864abd166b93127064cf90947ee52b2
0xa1147c6c5938ba7f34423f9dd473bf7b1bb8836ed47ed3ff258146c94d6f10aed73cba3b4668adbe32ca0b53a99034f3,0x010000000000000000000000d6203b0f558b01a678745a6085f6ae6332393d04,800000000000000,0xa15d9d06878bc7279f20856de280027f69e8144448916c1be296f92456fd82e8e0adcd5d883c1bdf0afaf96952ca0d1709c4999b824ba816ac0250d82a49433fcad66a4a581989ec1d10f6e0aadf629c4ced9131b99db0064ecfebd4b8f9b7d9,68,889889,0x12e515d766b5db68f66b6cab3b0c31c5dc54efbc4c4e75753ded730d2a0ed92a
0xa1147c6c5938ba7f34423f9dd473bf7b1bb8836ed47ed3ff258146c94d6f10aed73cba3b4668adbe32ca0b53a99034f3,0x010000000000000000000000d6203b0f558b01a678745a6085f6ae6332393d04,10000000000000,0xab361875af84ba3d2c37b42f4666d2c75be6a068f89ac3a2f049f1db59dae24c98c824733d1ef5ebf614e0828e7bff4804dcedcd1481f18ffbb653098096d6678ec635d3e2146233168eea73487f79319765cde04649b82d1c1aec41c290a239,69,889906,0xa06e7b262a3e65a0f48bae869e21c1e61af175c41152fb5f6a93ef05d9837cc3
0xa1147c6c5938ba7f34423f9dd473bf7b1bb8836ed47ed3ff258146c94d6f10aed73cba3b4668adbe32ca0b53a99034f3,0x010000000000000000000000d6203b0f558b01a678745a6085f6ae6332393d04,900000000000000,0x90e3186ba3e5124aed1848d8e15ae7e7b68c8b833ba477772f3328123960a11e7f9c1c0b5abfca546f23c85ebce41a37150a430d4de770002bd6c89b113ba33cabe65879797eceec585b163d80aa6759f6ce3565fe0c8d707b0b5591c3bbbaa0,70,889913,0x0ed45576c7f1ce1e9aa9f3ae2e4290e76acaf5964870fada15e48eae77786290
0x8adbcb0d99ead56a1a6b4def62a25f673a10e85238de77c74168d5e6ec1d8f3aa445a22be812130377857a585eefb2be,0x010000000000000000000000425f1edd3d2a3b1097e23910be85563594d4ef77,10000000000000,0xb52e6a5f403faca8e559ede9e5fd68a8cc4ced78f1f09b66a53f99c3a9b81ed3328bd5995d8fe3a3c8a872c75da13b850e391fa6696db1438f9c92d1da7323273fd078af545ecea7219a7cb262ba7af260d9182118a7a801dec7fa182d891f84,71,889952,0x16a8dcf0b10ad7e52b1250a969ee258d9208b1cf23f35b0bd07f949a983cd9f0
0x81cca2094f01fcc54f1e91b9d03067186f1f5a6d1826f1f7d8a877e38b51e365010a140c8ba59f7fa9edd79a7730d4a4,0x010000000000000000000000ea01b36a33633185ea585739e8debaf601a8834b,300000000000000,0xb2fe7d3cc5a066940cea9b106efed779e480fb9a5b0ebb9dd38ae2f5fe13da2fb5bf0d166554c17b2c77feae9b70623e168aaa7f784491e03d75164744fd6a318b42b5d656ae40b0d687fb9248325d00a62018acd2ec3ada996321600ab6700e,72,890012,0x3639f0ed6eae9f5d0e51b2d6e58449c857f5c406da451d87a298f3eb754560c5
0x8adbcb0d99ead56a1a6b4def62a25f673a10e85238de77c74168d5e6ec1d8f3aa445a22be812130377857a585eefb2be,0x010000000000000000000000425f1edd3d2a3b1097e23910be85563594d4ef77,600000000000000,0x99bbeb1d810a5bcdd795f48150c78a3eb60e5f13a6a9039d780b405863be35f7ff69e48ac59bfb053ef1d412814bbf71106a906e191bf8daa02aa8e8832f7b37012b89fdf26b9a98b1744abe39d2420233a03391ac5deae9cdbc956bfccc419d,73,890045,0xa8d5489ae4bf70dac5f1dab059fdeb2d7194aef7894c8b128082215f9e9c1a31
0x81cca2094f01fcc54f1e91b9d03067186f1f5a6d1826f1f7d8a877e38b51e365010a140c8ba59f7fa9edd79a7730d4a4,0x010000000000000000000000ea01b36a33633185ea585739e8debaf601a8834b,1000000000000000,0xa13a1466ad62bb55094fbb5bac7a902c345062c66c3b0ed622f5b74196fb2db5075005b0dc32346f430c390c2df256ec184fce9beb3a9869d5efdacffa222ee8a45e84303f3ca8d81a7e5d79205e316c1955a993bb75eadd048a38eca5d00b91,74,890809,0x71d4ef00c927b6c236188aec59f5b59f3d8fb97c8b1aaaa5bba72389e558285a
0x81cca2094f01fcc54f1e91b9d03067186f1f5a6d1826f1f7d8a877e38b51e365010a140c8ba59f7fa9edd79a7730d4a4,0x010000000000000000000000ea01b36a33633185ea585739e8debaf601a8834b,20000000000000,0x99057f14bfa85ca5e6e88ad272218e51818d5b4946dacd15ef322d1e7c6b13387deb12fd3843e9bc621526e7f635ea830faf4225058b9ffd9ff79080a03e6082ec8be1263275ecbeb2c26c9a8b873d143750dbdc29ad981b0e56bfd86e47f30b,75,890824,0x54b61fe9f9fcd99951f4d7db9239bf59fff3cc53e2ff996e042cd8efe2b4d5ad
0x81cca2094f01fcc54f1e91b9d03067186f1f5a6d1826f1f7d8a877e38b51e365010a140c8ba59f7fa9edd79a7730d4a4,0x010000000000000000000000ea01b36a33633185ea585739e8debaf601a8834b,400000000000000,0x8fa96991a69eaa2d15852a146743a226cae735faa8d6b37aea298907d4915776fe8e7a86f45ffeb382b7958a26798e9508196aa1521e71099461841eb85f6f479e7fabf0c8b82f1552a34396d36f409d270e2583cad1923ffd386d166061e2b0,76,890831,0x07262fdada19dcce0bcab67f4e211a6709622f546c74f16a042dabfe9ea327f0
0x81cca2094f01fcc54f1e91b9d03067186f1f5a6d1826f1f7d8a877e38b51e365010a140c8ba59f7fa9edd79a7730d4a4,0x010000000000000000000000ea01b36a33633185ea585739e8debaf601a8834b,1000000000000000,0xa13a1466ad62bb55094fbb5bac7a902c345062c66c3b0ed622f5b74196fb2db5075005b0dc32346f430c390c2df256ec184fce9beb3a9869d5efdacffa222ee8a45e84303f3ca8d81a7e5d79205e316c1955a993bb75eadd048a38eca5d00b91,77,890839,0x7e541645a285c17f301b20cd3c651c4f3e313ea041e3c216bc4e4586579f0b70
0x81cca2094f01fcc54f1e91b9d03067186f1f5a6d1826f1f7d8a877e38b51e365010a140c8ba59f7fa9edd79a7730d4a4,0x010000000000000000000000ea01b36a33633185ea585739e8debaf601a8834b,20000000000000,0x99057f14bfa85ca5e6e88ad272218e51818d5b4946dacd15ef322d1e7c6b13387deb12fd3843e9bc621526e7f635ea830faf4225058b9ffd9ff79080a03e6082ec8be1263275ecbeb2c26c9a8b873d143750dbdc29ad981b0e56bfd86e47f30b,78,890850,0x1d41ed4dc2045796cc831056b20c35e63a9dd7069c6eac302af6870f51e07dfb
0x81cca2094f01fcc54f1e91b9d03067186f1f5a6d1826f1f7d8a877e38b51e365010a140c8ba59f7fa9edd79a7730d4a4,0x010000000000000000000000ea01b36a33633185ea585739e8debaf601a8834b,500000000000000,0xa6b49f16bcfceb6abfe6a1d1a5cec5c916a292ad9602fe897b08f84d99c285b0ef8f41dafc0e5a9dcab7491b14a742f4070205b707ecbf41c998102de7bc93ae5a68d05bd5b2ec0b28d2284fd4cbd6256d6b8a06a007213220d0ab7e2bcde867,79,890856,0xa9c997e4508ecc454fd733bd689d4799a5b6b2cb3d6f5000723ca88f50eb3edf
0x81cca2094f01fcc54f1e91b9d03067186f1f5a6d1826f1f7d8a877e38b51e365010a140c8ba59f7fa9edd79a7730d4a4,0x010000000000000000000000ea01b36a33633185ea585739e8debaf601a8834b,1000000000000000,0xa13a1466ad62bb55094fbb5bac7a902c345062c66c3b0ed622f5b74196fb2db5075005b0dc32346f430c390c2df256ec184fce9beb3a9869d5efdacffa222ee8a45e84303f3ca8d81a7e5d79205e316c1955a993bb75eadd048a38eca5d00b91,80,890861,0x2897fe0634f044f5d79946f8e8cdff9397aecdfe5b0d4493c3a0d7347e61a6a6
0x8adbcb0d99ead56a1a6b4def62a25f673a10e85238de77c74168d5e6ec1d8f3aa445a22be812130377857a585eefb2be,0x010000000000000000000000425f1edd3d2a3b1097e23910be85563594d4ef77,1000000000000000,0x90269598b68475921b0f225143a28f079d51c63090442b9b082ded46bc2729881d1b7e0c666615a93e7678be243ef603193f9ffaa60a0377737ab17a9a61fa7469bd2c8ab29bd7dfb5fc2cd328f992217aa8b78378ccea8c7a1a02c5aa5b5c26,81,890893,0x352900723665aca9099ae220983a0c74fc35e98dc818146846d9f5d417e6cf6e
0x8adbcb0d99ead56a1a6b4def62a25f673a10e85238de77c74168d5e6ec1d8f3aa445a22be812130377857a585eefb2be,0x010000000000000000000000425f1edd3d2a3b1097e23910be85563594d4ef77,20000000000000,0xab7c4c3a6bd053cbb992a139c487eabed63f200f3a1fbe43ac48350b401e9c96d604f9580847790fee8138d1c6e5a0f716a7595026ada2a2dbbedaab17b465cf1590a6120bc5e55f036908e7adafe35f01446932b774fc604179f4b2796f5d2d,82,890902,0x2d92ab84d9cd70a909cdee948d4afc95d8397bf02eac74c9af2dada4a86e42d1
0x8adbcb0d99ead56a1a6b4def62a25f673a10e85238de77c74168d5e6ec1d8f3aa445a22be812130377857a585eefb2be,0x010000000000000000000000425f1edd3d2a3b1097e23910be85563594d4ef77,600000000000000,0x99bbeb1d810a5bcdd795f48150c78a3eb60e5f13a6a9039d780b405863be35f7ff69e48ac59bfb053ef1d412814bbf71106a906e191bf8daa02aa8e8832f7b37012b89fdf26b9a98b1744abe39d2420233a03391ac5deae9cdbc956bfccc419d,83,890908,0x11259c2a7a310590e246eefc6c427ecf1535f95ddfda8823ce1afbcb1a181898
0x8adbcb0d99ead56a1a6b4def62a25f673a10e85238de77c74168d5e6ec1d8f3aa445a22be812130377857a585eefb2be,0x010000000000000000000000425f1edd3d2a3b1097e23910be85563594d4ef77,1000000000000000,0x90269598b68475921b0f225143a28f079d51c63090442b9b082ded46bc2729881d1b7e0c666615a93e7678be243ef603193f9ffaa60a0377737ab17a9a61fa7469bd2c8ab29bd7dfb5fc2cd328f992217aa8b78378ccea8c7a1a02c5aa5b5c26,84,890914,0x338d9c64f69afa5d78fb545658ca9cde6e25bd0f2f6eccb31ab10299cb2486eb
0x8adbcb0d99ead56a1a6b4def62a25f673a10e85238de77c74168d5e6ec1d8f3aa445a22be812130377857a585eefb2be,0x010000000000000000000000425f1edd3d2a3b1097e23910be85563594d4ef77,60000000000000,0x8f589a2a3c3417a3daa000f5d356c226a508bb178884e46e3f3b51439c98487a0fba1efca55b9662e26fe8a968ae83d20bc86e6971e197e34315a4f7fcff8c249b62ed8a29a38a02f720fb2ec75ee162050e27eba9512fb5424c93924929f553,85,890923,0x07861d5c7b3abad53d8e4f814ac13d49b90969fe6a866da49218a2fff86a24d2
0x8adbcb0d99ead56a1a6b4def62a25f673a10e85238de77c74168d5e6ec1d8f3aa445a22be812130377857a585eefb2be,0x010000000000000000000000425f1edd3d2a3b1097e23910be85563594d4ef77,600000000000000,0x99bbeb1d810a5bcdd795f48150c78a3eb60e5f13a6a9039d780b405863be35f7ff69e48ac59bfb053ef1d412814bbf71106a906e191bf8daa02aa8e8832f7b37012b89fdf26b9a98b1744abe39d2420233a03391ac5deae9cdbc956bfccc419d,86,890930,0xa8e4bef641612d8c0ec7e7534edc52054adc03f3e509f85e75e2de6af5650c8b
0x8adbcb0d99ead56a1a6b4def62a25f673a10e85238de77c74168d5e6ec1d8f3aa445a22be812130377857a585eefb2be,0x010000000000000000000000425f1edd3d2a3b1097e23910be85563594d4ef77,1000000000000000,0x90269598b68475921b0f225143a28f079d51c63090442b9b082ded46bc2729881d1b7e0c666615a93e7678be243ef603193f9ffaa60a0377737ab17a9a61fa7469bd2c8ab29bd7dfb5fc2cd328f992217aa8b78378ccea8c7a1a02c5aa5b5c26,87,890938,0xc8c90761fb6d18a8e367cd15ab62c6aced430d5f1c29d035c3786d17e035f500
0xb77084d2b92baa3e01ec5ce57fbd529d3c8e60941c637bdc7c85d9ca2cc56545c3cbea86879dcbe9402f8a55d0284e7b,0x0000000000000000000000000000000000000000000000000000000000000000,10065099000000,0x000000000000000000000000000000000000000000000000000000000000000000000000000000000000000000000000000000000000000000000000000000000000000000000000000000000000000000000000000000000000000000000000,88,907695,0xc802862038320ab9886e6bb3115c2c2a682420efb231d2590bf0b8a4085e66b3
0x88be126bfda4eee190e6c01a224272ed706424851e203791c7279aeecb6b503059901db35b1821f1efe4e6b445f5cc9f,0x0100000000000000000000008c0e122960dc2e97dc0059c07d6901dce72818e1,5039277215254872,0xac1591efeed59107e4222d50052b5e5e36c6e766e64f57536672876da6a72584ad06900b0ef5257878f43787c3fcf4ca116e3e264c84aa0d7aaa2b9d13f58c426a07b1659b06d7ead95cfdee5d0f6282896b9ea59f83f2af6b2a43ccd8d90e28,89,962229,0x1155853bc37bd54b7b633dd42baf98a4f3e7c07bde9692c938e9426e89fbfb54
0x84acfd38a13af12add8d82e1ef0842c4dfc1e4175fae5b8ab73770f9050cbf673cafdbf6d8ab679fe9ea13208f50b485,0x010000000000000000000000333bd3beb65f965eea04999ba3c0349a596e9ffe,10000000000000,0xaeb053bfaacda15d247bbd7d2a8fba2e3a400095acbc6266f3fb5af74c6eb8624608f2aa29aa0c8a3c34308b896a8a9a0798bd5004841b8960d7bb15e7dfd5f996cb550081f7606a0d54c0e5fa2ad10a21c6dc6d9910cc791ef20666ec9ef0e2,90,970891,0x680e9ef8f100485016e9a1aff18d10cee7630327ccd3e1d1d0fa7eef6a6b9860
0x83199315cf36ebcf6a50bab572800d79324835fae832a3da9238f399c39feceb62de41339eab4cc8f79a6d4e6bcb825c,0x010000000000000000000000278032f9def839d252bc3082928e850225285393,10000000000000,0x81044caadf419896b719405d3467e426073827d1df8d8819fa61131527ca367d5cdca3d5a07dc30204e1ec8c17f635e2161794363018a39705391b8fdc33acc07294180d9bcb941795fbf015a72a0e7e24186200c934b5fd86137e42ec87911b,91,971057,0x437df235e39e47e526b3970b92516d9c410422ea57ec3c971463782bb0690cae
0x83199315cf36ebcf6a50bab572800d79324835fae832a3da9238f399c39feceb62de41339eab4cc8f79a6d4e6bcb825c,0x010000000000000000000000278032f9def839d252bc3082928e850225285393,9548435000000000,0x81044caadf419896b719405d3467e426073827d1df8d8819fa61131527ca367d5cdca3d5a07dc30204e1ec8c17f635e2161794363018a39705391b8fdc33acc07294180d9bcb941795fbf015a72a0e7e24186200c934b5fd86137e42ec87911b,92,971600,0x24a46baf69c9efc53290e99ae76b28d88e0d662d385c3cbfe0bd18a7fd164d07
0xa1147c6c5938ba7f34423f9dd473bf7b1bb8836ed47ed3ff258146c94d6f10aed73cba3b4668adbe32ca0b53a99034f3,0x010000000000000000000000d6203b0f558b01a678745a6085f6ae6332393d04,10000000000000,0xab361875af84ba3d2c37b42f4666d2c75be6a068f89ac3a2f049f1db59dae24c98c824733d1ef5ebf614e0828e7bff4804dcedcd1481f18ffbb653098096d6678ec635d3e2146233168eea73487f79319765cde04649b82d1c1aec41c290a239,99,1055499,0x70b8eaa4dc44a58541d38764d4622f408ed25375df4fb711a0d1451c09f873f4
0xa1147c6c5938ba7f34423f9dd473bf7b1bb8836ed47ed3ff258146c94d6f10aed73cba3b4668adbe32ca0b53a99034f3,0x010000000000000000000000d6203b0f558b01a678745a6085f6ae6332393d04,90000000000000,0xb3df0a7acd71ade273f4082db4e199b58172ff040c6a0350249c1a038fba5ba518879b3ebdce17f58957535c897db57914ba1a3b8ab70b6ea47373812ba76fbdf78be3328acc791977cf700419ce5d7f3bec307281d3a0afabadd9048c21a8ab,100,1055512,0x4cab898cfcb91774cc2ad1eaf91745bebb1d58959c3e9f83fd16599d116b853a
0xa1147c6c5938ba7f34423f9dd473bf7b1bb8836ed47ed3ff258146c94d6f10aed73cba3b4668adbe32ca0b53a99034f3,0x010000000000000000000000d6203b0f558b01a678745a6085f6ae6332393d04,1000000000000000,0xb048564e505cf65597e278002b0e34ba995d1a3359b1654a15d4759e8c2e036190bc4f81f1b56d8301308de8ab85e14a17bc9fd9ca1fc6c6f4a639abffc6bfc64ac5fd0db0d266c8016133e135b03fd89e16975482c82cb31c610cc6d393d0f4,101,1055522,0x0c41aab90d0c06558ff93e8b2a97feb349030e7756a84735deafded620b5019a
0xa1147c6c5938ba7f34423f9dd473bf7b1bb8836ed47ed3ff258146c94d6f10aed73cba3b4668adbe32ca0b53a99034f3,0x010000000000000000000000d6203b0f558b01a678745a6085f6ae6332393d04,10000000000000,0xab361875af84ba3d2c37b42f4666d2c75be6a068f89ac3a2f049f1db59dae24c98c824733d1ef5ebf614e0828e7bff4804dcedcd1481f18ffbb653098096d6678ec635d3e2146233168eea73487f79319765cde04649b82d1c1aec41c290a239,102,1055531,0x0ddff0eff33bd8ce29a935e374df4499473382dea196539804e89bb67632fd0f
0xa1147c6c5938ba7f34423f9dd473bf7b1bb8836ed47ed3ff258146c94d6f10aed73cba3b4668adbe32ca0b53a99034f3,0x010000000000000000000000d6203b0f558b01a678745a6085f6ae6332393d04,90000000000000,0xb3df0a7acd71ade273f4082db4e199b58172ff040c6a0350249c1a038fba5ba518879b3ebdce17f58957535c897db57914ba1a3b8ab70b6ea47373812ba76fbdf78be3328acc791977cf700419ce5d7f3bec307281d3a0afabadd9048c21a8ab,103,1055536,0xa183a736ef64631514078ea13b1a36d68616a0dc9dce9aa94571b3d0affd5471
0xa1147c6c5938ba7f34423f9dd473bf7b1bb8836ed47ed3ff258146c94d6f10aed73cba3b4668adbe32ca0b53a99034f3,0x010000000000000000000000d6203b0f558b01a678745a6085f6ae6332393d04,1000000000000000,0xb048564e505cf65597e278002b0e34ba995d1a3359b1654a15d4759e8c2e036190bc4f81f1b56d8301308de8ab85e14a17bc9fd9ca1fc6c6f4a639abffc6bfc64ac5fd0db0d266c8016133e135b03fd89e16975482c82cb31c610cc6d393d0f4,104,1055543,0x48da4e8be876659a737408440765b93717f887d0878b3e6f44b54b6fc9c1c560
0xa1147c6c5938ba7f34423f9dd473bf7b1bb8836ed47ed3ff258146c94d6f10aed73cba3b4668adbe32ca0b53a99034f3,0x010000000000000000000000d6203b0f558b01a678745a6085f6ae6332393d04,10000000000000,0xab361875af84ba3d2c37b42f4666d2c75be6a068f89ac3a2f049f1db59dae24c98c824733d1ef5ebf614e0828e7bff4804dcedcd1481f18ffbb653098096d6678ec635d3e2146233168eea73487f79319765cde04649b82d1c1aec41c290a239,105,1055553,0xa037b707856aa8546e60dc8be06e50e4a2b410a29283fbd51de28482860d6e87
0xa1147c6c5938ba7f34423f9dd473bf7b1bb8836ed47ed3ff258146c94d6f10aed73cba3b4668adbe32ca0b53a99034f3,0x010000000000000000000000d6203b0f558b01a678745a6085f6ae6332393d04,60000000000000,0xa399c020c0b9119b6dde885414ad9a21775bff9ea718bc32837b9957342cb7c9d2de27d314c83bff684d1e9a736f36cd0e6a787140204817210cd1d6648e6d67ab75047a4406db97384c323f7d8b51c0b7a0fb3415d3dcf884ff32c7326c936c,106,1055562,0xa82df76a1eeb5a55420ed53096c30d4b5d7bc9d5b6c7a431f43864d3e2b1a354
0xa1147c6c5938ba7f34423f9dd473bf7b1bb8836ed47ed3ff258146c94d6f10aed73cba3b4668adbe32ca0b53a99034f3,0x010000000000000000000000d6203b0f558b01a678745a6085f6ae6332393d04,100000000000000,0xa101916cb41f24f26e49bf0222ae2deb10d4ca500e34ae8ed2d4d8526845651da930cef59957fa9a74faff5ce15ef15d048c54bd79c960941298756a8e1a8d253d5cf97039d5dd3128851679640ef4ac4d54fe9c1d670f4dd9f10d5e978f83db,107,1055568,0x197e64170ab441ae46eebcb54a2ae3258712ce9ac011c7a28c80fc0c5218927b
0xa1147c6c5938ba7f34423f9dd473bf7b1bb8836ed47ed3ff258146c94d6f10aed73cba3b4668adbe32ca0b53a99034f3,0x010000000000000000000000d6203b0f558b01a678745a6085f6ae6332393d04,1000000000000000,0xb048564e505cf65597e278002b0e34ba995d1a3359b1654a15d4759e8c2e036190bc4f81f1b56d8301308de8ab85e14a17bc9fd9ca1fc6c6f4a639abffc6bfc64ac5fd0db0d266c8016133e135b03fd89e16975482c82cb31c610cc6d393d0f4,108,1055575,0x8aef989eae90d0aa6ac9876cb947dcfef29f42317db5b911cd31d613e6c18fe6
0x81cca2094f01fcc54f1e91b9d03067186f1f5a6d1826f1f7d8a877e38b51e365010a140c8ba59f7fa9edd79a7730d4a4,0x010000000000000000000000ea01b36a33633185ea585739e8debaf601a8834b,80000000000000,0x88acc6ee354fc0c316e97c48355a5569f3475cd8593c8504e5f56d37b4551f750f636368aa501c67a24825b75b24d46a088ac27fd7813bd1c1f01c4418741a9a57d054c1f2cbcd4341f4e352abaed60f7cbf0d613cf36dff7a2f9c46fa5eef10,109,1055596,0xeae03f055297b001470c1ca839b42ca713efb49f96630799b7697fcbdb4abd7d
0x81cca2094f01fcc54f1e91b9d03067186f1f5a6d1826f1f7d8a877e38b51e365010a140c8ba59f7fa9edd79a7730d4a4,0x010000000000000000000000ea01b36a33633185ea585739e8debaf601a8834b,500000000000000,0xa6b49f16bcfceb6abfe6a1d1a5cec5c916a292ad9602fe897b08f84d99c285b0ef8f41dafc0e5a9dcab7491b14a742f4070205b707ecbf41c998102de7bc93ae5a68d05bd5b2ec0b28d2284fd4cbd6256d6b8a06a007213220d0ab7e2bcde867,110,1055601,0x977cabc154b21ecaeda41c721e416d3410614ce1044a82b3bfc4145a74d20ef4
0x81cca2094f01fcc54f1e91b9d03067186f1f5a6d1826f1f7d8a877e38b51e365010a140c8ba59f7fa9edd79a7730d4a4,0x010000000000000000000000ea01b36a33633185ea585739e8debaf601a8834b,1000000000000000,0xa13a1466ad62bb55094fbb5bac7a902c345062c66c3b0ed622f5b74196fb2db5075005b0dc32346f430c390c2df256ec184fce9beb3a9869d5efdacffa222ee8a45e84303f3ca8d81a7e5d79205e316c1955a993bb75eadd048a38eca5d00b91,111,1055606,0x471485fb6efb9b69dc9e8060c9ff26b7987dc425e87113acda13ad7158706b39
0x8adbcb0d99ead56a1a6b4def62a25f673a10e85238de77c74168d5e6ec1d8f3aa445a22be812130377857a585eefb2be,0x010000000000000000000000425f1edd3d2a3b1097e23910be85563594d4ef77,80000000000000,0x8468c895fe774359ec48d22063492bd6a41a0d8c2d6c81140d972ec7731c7c8ca9849182284b6d4f34b9085c991291d40532bac1f2719d602bceb957353b00a2a3d327ec6ce08e39b7e1089ba49b7cce4af30dc29cdb99aef50ed9d12d6b2ef7,112,1055626,0x175b0aa92dbac425b596ae59b50e3dc55bfdb5cd35cb2808efc8f1b5ab80e2c3
0x8adbcb0d99ead56a1a6b4def62a25f673a10e85238de77c74168d5e6ec1d8f3aa445a22be812130377857a585eefb2be,0x010000000000000000000000425f1edd3d2a3b1097e23910be85563594d4ef77,700000000000000,0x88e20e6dfc4342d2a4be35d74931ee64e76d14c4dd3a4ec681ac746714db0429e1fad9220ee2c057381405faa862da18108f0470b24b19dcf3e22c437ce69f512871cb8e224152fe56861e8093e7ca0d57d1f816b439783866d2f081a4a8e389,113,1055633,0x378d480bf70e241a9d357b8305fccf596a8e62859a9acbe4624ceea13a32327a
0x8adbcb0d99ead56a1a6b4def62a25f673a10e85238de77c74168d5e6ec1d8f3aa445a22be812130377857a585eefb2be,0x010000000000000000000000425f1edd3d2a3b1097e23910be85563594d4ef77,1000000000000000,0x90269598b68475921b0f225143a28f079d51c63090442b9b082ded46bc2729881d1b7e0c666615a93e7678be243ef603193f9ffaa60a0377737ab17a9a61fa7469bd2c8ab29bd7dfb5fc2cd328f992217aa8b78378ccea8c7a1a02c5aa5b5c26,114,1055640,0x76337b7d506c63d5aec9b2d4b1951aad083d47845f3cf9017b11a5fdc38b8b75
0x8adbcb0d99ead56a1a6b4def62a25f673a10e85238de77c74168d5e6ec1d8f3aa445a22be812130377857a585eefb2be,0x010000000000000000000000425f1edd3d2a3b1097e23910be85563594d4ef77,80000000000000,0x8468c895fe774359ec48d22063492bd6a41a0d8c2d6c81140d972ec7731c7c8ca9849182284b6d4f34b9085c991291d40532bac1f2719d602bceb957353b00a2a3d327ec6ce08e39b7e1089ba49b7cce4af30dc29cdb99aef50ed9d12d6b2ef7,115,1055655,0x93d93723e1a8a4212aac4ac49f2d28c1178504fceebf62bfac028a69b4aa6bcd
0x8adbcb0d99ead56a1a6b4def62a25f673a10e85238de77c74168d5e6ec1d8f3aa445a22be812130377857a585eefb2be,0x010000000000000000000000425f1edd3d2a3b1097e23910be85563594d4ef77,800000000000000,0x997a5c66f2d5f94293f3cbd449f195d19a69db0638e0986d8d394f970b36ee44415bf9813bb3c83c46012f57e0210a0219967744328e77ec6375eb42947e44bda18ee4f2beffde4e9ecdb100bab0996840bebd6f4bb0379294674ba2ffb64643,116,1055661,0xf2582fc148b67f737f567a245bd591b9cbc0b5d8f032377ed6fd6cc5b946713d
0x8adbcb0d99ead56a1a6b4def62a25f673a10e85238de77c74168d5e6ec1d8f3aa445a22be812130377857a585eefb2be,0x010000000000000000000000425f1edd3d2a3b1097e23910be85563594d4ef77,1000000000000000,0x90269598b68475921b0f225143a28f079d51c63090442b9b082ded46bc2729881d1b7e0c666615a93e7678be243ef603193f9ffaa60a0377737ab17a9a61fa7469bd2c8ab29bd7dfb5fc2cd328f992217aa8b78378ccea8c7a1a02c5aa5b5c26,117,1055667,0xca9a5b2d728d11169cb9f77ae68ad8867b48332f5fc7a9eb084c940919875d63
0xa0c673180d97213c1c35fe3bf4e684dd3534baab235a106d1f71b9c8a37e4d37a056d47546964fd075501dff7f76aeaf,0x010000000000000000000000e6644e0b941a03af8ff10bdb185d5e74d520270e,10000000000000,0x8745d230f46740f538bde21e618d9c7e458eeca32eb226c6a3624e23808f13de474f24641da28cc69927836a52611f6713127247cf5ee9d37360eebcaa94bdd90d446bae50287f14507dc29666f0363c37a69b5d3d867ff55c2e5dc685d1ea43,119,1066385,0xdb6ecce451d4c7b132f10804071fbb51ab92d1c1b70ecaab804466cd540aa736
0x84acfd38a13af12add8d82e1ef0842c4dfc1e4175fae5b8ab73770f9050cbf673cafdbf6d8ab679fe9ea13208f50b485,0x0000000000000000000000000000000000000000000000000000000000000000,25758000000000,0x000000000000000000000000000000000000000000000000000000000000000000000000000000000000000000000000000000000000000000000000000000000000000000000000000000000000000000000000000000000000000000000000,120,1084086,0xf649837dba4efbd0f514a9762bcdd9adc4c890d2d0bfbdc7fbbd14ae1e156fbf
0x8e3b35bd379652019fe8f341c5c854a60f55772016340781e8d3577e2b24e1ac0d5786d45459cd756810281eff8f729c,0x0000000000000000000000000000000000000000000000000000000000000000,10000989400000,0x000000000000000000000000000000000000000000000000000000000000000000000000000000000000000000000000000000000000000000000000000000000000000000000000000000000000000000000000000000000000000000000000,126,1362864,0xa6eaeed145f0522d976aa66f9f6f31e24fea1f55f8dba1a43ff18fb36705592d
0x8e3b35bd379652019fe8f341c5c854a60f55772016340781e8d3577e2b24e1ac0d5786d45459cd756810281eff8f729c,0x0000000000000000000000000000000000000000000000000000000000000000,1489998000000000,0x000000000000000000000000000000000000000000000000000000000000000000000000000000000000000000000000000000000000000000000000000000000000000000000000000000000000000000000000000000000000000000000000,127,1390414,0x57d4e383a26e5562121fc0a49790fb257b4dffcf0c9ecf262a81f4b49870004b
0x8e3b35bd379652019fe8f341c5c854a60f55772016340781e8d3577e2b24e1ac0d5786d45459cd756810281eff8f729c,0x0000000000000000000000000000000000000000000000000000000000000000,249999989400000,0x000000000000000000000000000000000000000000000000000000000000000000000000000000000000000000000000000000000000000000000000000000000000000000000000000000000000000000000000000000000000000000000000,129,1395141,0xa2a45180c187fe9c38421756d18a754c8e8948b9bdb88c3a2ee510e6147e2b2f
0xafd0ad061f698eae0d483098948e26e254f4b7089244bda897895257c668196ffd5e2ddf458fdf8bcea295b7d47a5b37,0x0000000000000000000000000000000000000000000000000000000000000000,10001000000000,0x000000000000000000000000000000000000000000000000000000000000000000000000000000000000000000000000000000000000000000000000000000000000000000000000000000000000000000000000000000000000000000000000,133,1395144,0x72ba3c5a51e08e64f36e3130b14516924c2cdab3ea55048a6c61745118671e9a
0xafd0ad061f698eae0d483098948e26e254f4b7089244bda897895257c668196ffd5e2ddf458fdf8bcea295b7d47a5b37,0x0000000000000000000000000000000000000000000000000000000000000000,881391690000000,0x000000000000000000000000000000000000000000000000000000000000000000000000000000000000000000000000000000000000000000000000000000000000000000000000000000000000000000000000000000000000000000000000,134,1396636,0x0e0af1c5aa016d0dfb5d6236591e87d08b699695e0e043502bca950b7b3e4e5a
0xa15875a9e554e446e5fcd463245f4d7bd6863b1a5f51d33ac828d06f9185c5705f1d0a442b52df142ee74f300a01551f,0x010000000000000000000000a957e9785bc9eeeaa64593dd8259f2e07046d3c8,10001000000000,0xa65eb46c1d54eccb9d71a2172d6ac63ad926ef9d633fedf9a27e6ae9272d142d10e2a9547a8968dbbf1692ab530d53561746849e04292b42f5f0369729ff7db022e37d77a282d828668875e3512ccf5342ddec15e263a5a3ae221bfef68f8865,136,1404527,0xbba2dce60bcb6ca61a1a24d375934a6d313f91adc18fb54c9ef8282d4f9ff743
0xa0c673180d97213c1c35fe3bf4e684dd3534baab235a106d1f71b9c8a37e4d37a056d47546964fd075501dff7f76aeaf,0x0000000000000000000000000000000000000000000000000000000000000000,10000000000000,0x000000000000000000000000000000000000000000000000000000000000000000000000000000000000000000000000000000000000000000000000000000000000000000000000000000000000000000000000000000000000000000000000,137,1411364,0xfd3eb7fa46dd2a2cab64deb4924d87c0c70f1ae25a5a60346b9c4172695a6b7c
0xa0c673180d97213c1c35fe3bf4e684dd3534baab235a106d1f71b9c8a37e4d37a056d47546964fd075501dff7f76aeaf,0x0000000000000000000000000000000000000000000000000000000000000000,604841230000000,0x000000000000000000000000000000000000000000000000000000000000000000000000000000000000000000000000000000000000000000000000000000000000000000000000000000000000000000000000000000000000000000000000,138,1413193,0x00082cde46f15b1e410075228b2f84cc1c93ef2e7615bdee75f1e0ebcd19ed8f
0xa15875a9e554e446e5fcd463245f4d7bd6863b1a5f51d33ac828d06f9185c5705f1d0a442b52df142ee74f300a01551f,0x0000000000000000000000000000000000000000000000000000000000000000,3656776690000000,0x000000000000000000000000000000000000000000000000000000000000000000000000000000000000000000000000000000000000000000000000000000000000000000000000000000000000000000000000000000000000000000000000,139,1414167,0x7fdc7c82736d8a883aa9e72eb13a512028428baac6c999e83bfdd3a282c2e02d
0x97266c94c490662479a9188b070c86e505df4f167016883af4114c8c1a71429e8f270c0c2f1b74375880f81828b768c0,0x0000000000000000000000000000000000000000000000000000000000000000,10000000000000,0x000000000000000000000000000000000000000000000000000000000000000000000000000000000000000000000000000000000000000000000000000000000000000000000000000000000000000000000000000000000000000000000000,140,1414224,0x0650ab2e996d0b44a836676ceb10730d599faecc2bac26a70e227232e5940914
0x97266c94c490662479a9188b070c86e505df4f167016883af4114c8c1a71429e8f270c0c2f1b74375880f81828b768c0,0x0000000000000000000000000000000000000000000000000000000000000000,150000000000000,0x000000000000000000000000000000000000000000000000000000000000000000000000000000000000000000000000000000000000000000000000000000000000000000000000000000000000000000000000000000000000000000000000,141,1414585,0xeeb12ca0e6c9f83ddc5a4040d59f1ea2dfc17f431c0995f5a44c663f0123ccbd
0xa15875a9e554e446e5fcd463245f4d7bd6863b1a5f51d33ac828d06f9185c5705f1d0a442b52df142ee74f300a01551f,0x0000000000000000000000000000000000000000000000000000000000000000,5271745880000000,0x000000000000000000000000000000000000000000000000000000000000000000000000000000000000000000000000000000000000000000000000000000000000000000000000000000000000000000000000000000000000000000000000,142,1416475,0x500e348178f2e3643d93e134179fed9bf25d70e1f1f20940a145055d838f77f4
0xb38e22a9df8a095a3554c1a7deabb9e09faddbb6a801c7d3efe9d61f33f9f1a2e80a1ca8b90908b22e4e4b7a61715005,0x0000000000000000000000000000000000000000000000000000000000000000,2239996000000000,0x000000000000000000000000000000000000000000000000000000000000000000000000000000000000000000000000000000000000000000000000000000000000000000000000000000000000000000000000000000000000000000000000,144,1441169,0x7a3d69a8b8f47123a586e78fdefb288e52b7e758d0d8df9faaec967b8bf8d3f4
0xa0c673180d97213c1c35fe3bf4e684dd3534baab235a106d1f71b9c8a37e4d37a056d47546964fd075501dff7f76aeaf,0x0000000000000000000000000000000000000000000000000000000000000000,15000000000000,0x000000000000000000000000000000000000000000000000000000000000000000000000000000000000000000000000000000000000000000000000000000000000000000000000000000000000000000000000000000000000000000000000,147,1486219,0xf41cf57f304c01d5671c4d93c767fb0fc1a9bd56890d88cebc75c87eef3a958d
0xa0c673180d97213c1c35fe3bf4e684dd3534baab235a106d1f71b9c8a37e4d37a056d47546964fd075501dff7f76aeaf,0x0000000000000000000000000000000000000000000000000000000000000000,1233213121000000,0x000000000000000000000000000000000000000000000000000000000000000000000000000000000000000000000000000000000000000000000000000000000000000000000000000000000000000000000000000000000000000000000000,148,1486409,0x9a48c3abca7c7e42a09c0b2267ffcf1f10b67e90411ce8ee65ea2da084db0daa
0x83199315cf36ebcf6a50bab572800d79324835fae832a3da9238f399c39feceb62de41339eab4cc8f79a6d4e6bcb825c,0x010000000000000000000000278032f9def839d252bc3082928e850225285393,10000000000000,0x81044caadf419896b719405d3467e426073827d1df8d8819fa61131527ca367d5cdca3d5a07dc30204e1ec8c17f635e2161794363018a39705391b8fdc33acc07294180d9bcb941795fbf015a72a0e7e24186200c934b5fd86137e42ec87911b,151,1519092,0x9f9276e35a2628ae7912e6043cf27a5be80afb1430c264cdba227fde3fc3ba0c
0x83199315cf36ebcf6a50bab572800d79324835fae832a3da9238f399c39feceb62de41339eab4cc8f79a6d4e6bcb825c,0x010000000000000000000000278032f9def839d252bc3082928e850225285393,431565000000000,0x81044caadf419896b719405d3467e426073827d1df8d8819fa61131527ca367d5cdca3d5a07dc30204e1ec8c17f635e2161794363018a39705391b8fdc33acc07294180d9bcb941795fbf015a72a0e7e24186200c934b5fd86137e42ec87911b,152,1519466,0x4fc27f725da42a920e89b018a959e7cc0e3915043b64b086edd753d146c0ada0
0xb38e22a9df8a095a3554c1a7deabb9e09faddbb6a801c7d3efe9d61f33f9f1a2e80a1ca8b90908b22e4e4b7a61715005,0x0000000000000000000000000000000000000000000000000000000000000000,10000000000000,0x000000000000000000000000000000000000000000000000000000000000000000000000000000000000000000000000000000000000000000000000000000000000000000000000000000000000000000000000000000000000000000000000,155,1613283,0xdef53ed065bfc16f1a57634e6a4555743cd41eca2e65bd72709071064ea1884a
0xb38e22a9df8a095a3554c1a7deabb9e09faddbb6a801c7d3efe9d61f33f9f1a2e80a1ca8b90908b22e4e4b7a61715005,0x0000000000000000000000000000000000000000000000000000000000000000,156666000000000,0x000000000000000000000000000000000000000000000000000000000000000000000000000000000000000000000000000000000000000000000000000000000000000000000000000000000000000000000000000000000000000000000000,156,1642793,0x5106010798860bdc742c39c38fc2fa7a9fc510d130b2f326f11a76744b876de8
0x892e8d2225cebeed25e54a59f4167610704fc507170a7b6532584ffa7f66c1dda20c83a2f148fb5f7ec614f340edba60,0x0100000000000000000000000a8ba15ef47eeacec3be8cf942ce5bd0b736a196,10000000000000,0x8743f6b94092212d26f412deb3635476342478b6da91b208acce3f02ee5d5189c8137e7a9d7efb41019b0151c7eadbbf035f77c066b0fbd82e255fa60721a83d9bdd14909b5bcb73e13513ee7eae32fe11e777558b704d501cc2b8fdb899b427,165,1894134,0x3e5e1fb0835b736cd646b10b03b4957b54e55debab417965005bc36c80387a35
0x8e3b35bd379652019fe8f341c5c854a60f55772016340781e8d3577e2b24e1ac0d5786d45459cd756810281eff8f729c,0x0000000000000000000000000000000000000000000000000000000000000000,10000000000000,0x000000000000000000000000000000000000000000000000000000000000000000000000000000000000000000000000000000000000000000000000000000000000000000000000000000000000000000000000000000000000000000000000,166,1962583,0xfaf18ba49823a2ba3de5ffa2b814c304ffa10135ab58242367ea67929ec52c14
0x89cbd542c737cca4bc33f1ea5084a857a7620042fe37fd326ecf5aeb61f2ce096043cd0ed57ba44693cf606978b566ba,0x0000000000000000000000000000000000000000000000000000000000000000,12500000000000,0x000000000000000000000000000000000000000000000000000000000000000000000000000000000000000000000000000000000000000000000000000000000000000000000000000000000000000000000000000000000000000000000000,167,1964487,0xaffebc0064c99ed1a8351a45a746d0758012c3df6a48d5959ad52e623e1cf93c
0xa6495d3c02b192163a68cd2921cfeef84aee2018bfdb49fdd0063d28f7ad07f517f4326d1cd515f489a66b0571525947,0x01000000000000000000000079473304531b65e2579c2a9f3a9e00e5c65347d5,10000000000000,0xa54b69fa5f81bb7559fb96415637ca5429762e21c3ffd47ff1eeadcad83f4a052af6e9725ce572ef66d553cdee941d771867bb037302d35e0ce2271059b250e86c9f931e5e8c914e45b92b47ff7c7852acf23bff09609094ae97c667498e6bc2,168,1991761,0xca0713af3ebe5c90bb52cf21deb12e3672617defd391e21d2e64eeabe38ffbfd
0xa6495d3c02b192163a68cd2921cfeef84aee2018bfdb49fdd0063d28f7ad07f517f4326d1cd515f489a66b0571525947,0x0000000000000000000000000000000000000000000000000000000000000000,10000000000000,0x000000000000000000000000000000000000000000000000000000000000000000000000000000000000000000000000000000000000000000000000000000000000000000000000000000000000000000000000000000000000000000000000,175,2030846,0x14d28d115f806de413f4ebfd31c6f5518e58bbb2c2793888a67d2f42b6748e1f
0xa6495d3c02b192163a68cd2921cfeef84aee2018bfdb49fdd0063d28f7ad07f517f4326d1cd515f489a66b0571525947,0x0000000000000000000000000000000000000000000000000000000000000000,230000000000000,0x000000000000000000000000000000000000000000000000000000000000000000000000000000000000000000000000000000000000000000000000000000000000000000000000000000000000000000000000000000000000000000000000,176,2033101,0xa1d84550ce514737b07dcf2b29e4e010bf41515ea42836fe945947504ab3b165
0xa6495d3c02b192163a68cd2921cfeef84aee2018bfdb49fdd0063d28f7ad07f517f4326d1cd515f489a66b0571525947,0x0000000000000000000000000000000000000000000000000000000000000000,426663000000000,0x000000000000000000000000000000000000000000000000000000000000000000000000000000000000000000000000000000000000000000000000000000000000000000000000000000000000000000000000000000000000000000000000,177,2039535,0x1793f0aaa2cd97ff398def2e51f071c907255f90482b36e2ace027402933bd8b
0x892e8d2225cebeed25e54a59f4167610704fc507170a7b6532584ffa7f66c1dda20c83a2f148fb5f7ec614f340edba60,0x0000000000000000000000000000000000000000000000000000000000000000,10000000000000,0x000000000000000000000000000000000000000000000000000000000000000000000000000000000000000000000000000000000000000000000000000000000000000000000000000000000000000000000000000000000000000000000000,178,2041934,0xb45acd11a01fdebb13cb1235c0a168dd6fc3edc9fef6385444dd8d2390288f73
0x8ccaba10bddc33a4f8d2acdd78593879a84c7466f641f1d9b4238b20ee2d0706894b3e55b0744098c50b9b4821da3207,0x0100000000000000000000008c0e122960dc2e97dc0059c07d6901dce72818e1,193117135041763,0x9573e0429267fd0e0f3156d24c6d1005e93bf552ca765b6cb348fdad368f684131830ddcdff9e68763ff0f413e72db130ba7d08ad07a477a4034e1ae93eae4efc21edc3d31714660789f4332daee272a3dd907fdf8ee2c0e5b254e7dfb91ac8e,180,2070439,0x2bf72312247772fdd4f7983ed636bc6f1bb19e2c708e32c8eb4457fd36055cdf
0x90d64ab2a8ab9b5faace9225d205d47dc0b8155592b354b860134928f7f39f15f54d909dad7897868aba6dc7e7eef6c8,0x0100000000000000000000008c0e122960dc2e97dc0059c07d6901dce72818e1,10000000000000,0xa4e568f6114244614c5d6111bf64d0864e2bd4f4d31c8479b200bad85e7bbc4d6ca811ecf94f227b4ec714d5926a5b1400a91a2b7bf47b065b0e963e568a8f4dc55fff60081998d5bcd5f53847daf2d6a300f4d837f4e9c07c629b039ecd8f0c,181,2082938,0xe3c7804137292d624d3328962784de34d34920f97244950e10531c3ad3b1625e
0x998adf736d60eecdfd3ab5136a779aa23235c44bb6de08def2069f73e946de963b35a68d5a66d611d3a7cd45035dca8f,0x0100000000000000000000008c0e122960dc2e97dc0059c07d6901dce72818e1,10000000000000,0xa47be1521bc1b01e53df0089379f97ba2ae560d8c9a5562a0f89fe6c89842d71961e90d92810a59cd73a011740bdc34304bf40e838ed5b6034be6f470397e22488413f33f0370bfa76035f69047ad1b1b2c0bf9ea04c540ad10d2c96d3bed65f,182,2082995,0x2ac75c0724a5c5a85eb80daf60ac625de4627d068988235c9e08dd5dcea995dc
0x90d64ab2a8ab9b5faace9225d205d47dc0b8155592b354b860134928f7f39f15f54d909dad7897868aba6dc7e7eef6c8,0x0100000000000000000000008c0e122960dc2e97dc0059c07d6901dce72818e1,9990000000000000,0xa4e568f6114244614c5d6111bf64d0864e2bd4f4d31c8479b200bad85e7bbc4d6ca811ecf94f227b4ec714d5926a5b1400a91a2b7bf47b065b0e963e568a8f4dc55fff60081998d5bcd5f53847daf2d6a300f4d837f4e9c07c629b039ecd8f0c,183,2084475,0x61dd9e2d508179794bedfcb4ef242284c97a177377f696ab7ce5dd5b88ccf22d
0x8e3b35bd379652019fe8f341c5c854a60f55772016340781e8d3577e2b24e1ac0d5786d45459cd756810281eff8f729c,0x0000000000000000000000000000000000000000000000000000000000000000,35741670000000,0x000000000000000000000000000000000000000000000000000000000000000000000000000000000000000000000000000000000000000000000000000000000000000000000000000000000000000000000000000000000000000000000000,184,2084635,0x109e9f2ea2421ea85f067d617afdaf020264d82b6c8cf24fc9bc0df35af849f2
0xb501507f67728ec7b09296bf87f4ad133af8f7afc00924727a09b1dedc17c9a868c36d909cff68730c1da66dcfc1e862,0x0000000000000000000000000000000000000000000000000000000000000000,10000000000000,0x000000000000000000000000000000000000000000000000000000000000000000000000000000000000000000000000000000000000000000000000000000000000000000000000000000000000000000000000000000000000000000000000,185,2110909,0x38829868272f2b955bf397b41f6ebcac848706b72f3a43fa288e5610c0dd2ca4
0x998adf736d60eecdfd3ab5136a779aa23235c44bb6de08def2069f73e946de963b35a68d5a66d611d3a7cd45035dca8f,0x0100000000000000000000008c0e122960dc2e97dc0059c07d6901dce72818e1,9990000000000000,0xa47be1521bc1b01e53df0089379f97ba2ae560d8c9a5562a0f89fe6c89842d71961e90d92810a59cd73a011740bdc34304bf40e838ed5b6034be6f470397e22488413f33f0370bfa76035f69047ad1b1b2c0bf9ea04c540ad10d2c96d3bed65f,186,2116249,0x936ac6e56ba897c9512e3bf44a123d265a925bff7b8e71b4ed6ce0110611e897
0x892e8d2225cebeed25e54a59f4167610704fc507170a7b6532584ffa7f66c1dda20c83a2f148fb5f7ec614f340edba60,0x0000000000000000000000000000000000000000000000000000000000000000,10000000000000,0x000000000000000000000000000000000000000000000000000000000000000000000000000000000000000000000000000000000000000000000000000000000000000000000000000000000000000000000000000000000000000000000000,187,2133367,0x7a88840e463fd8c62a7c4ec28ea4667162f93e162c5019a2c70a775b4c8cf44d
0xb501507f67728ec7b09296bf87f4ad133af8f7afc00924727a09b1dedc17c9a868c36d909cff68730c1da66dcfc1e862,0x0000000000000000000000000000000000000000000000000000000000000000,1989999000000000,0x000000000000000000000000000000000000000000000000000000000000000000000000000000000000000000000000000000000000000000000000000000000000000000000000000000000000000000000000000000000000000000000000,191,2149284,0x75a2e8734062fdd0eb09404d6be8e19cd0deae942c0ace14594cc6c2afa71e88
0x89233d54cc54e67cbab9493af37bcbedaa9def92c14637694bf88f675b2ccd0a6c98a8dde009d6d80f515f11a8845517,0x0000000000000000000000000000000000000000000000000000000000000000,12500000000000,0x000000000000000000000000000000000000000000000000000000000000000000000000000000000000000000000000000000000000000000000000000000000000000000000000000000000000000000000000000000000000000000000000,192,2157726,0xbfe78c3a93e4967688bf9e1c046dc78f63b700b00661191b107a12b101970d3e
0xb1580b412431ff7a1cca16045f0996740a5e52ebd1aeff6359415d99886b89a3506b36bd71af132a5dcb989e7a89b58d,0x0000000000000000000000000000000000000000000000000000000000000000,10000000000000,0x000000000000000000000000000000000000000000000000000000000000000000000000000000000000000000000000000000000000000000000000000000000000000000000000000000000000000000000000000000000000000000000000,193,2162069,0xf2ee2c1540fa83493e6c1ae3475f6aa655b42cdb8df94f1b1f7b1492cea9b448
0xaddc88b5a74211b80ed2b8c5169b85380b7428a8b0a3381a4470d52203eb230f136b423370308783082866f716b06651,0x0100000000000000000000008c0e122960dc2e97dc0059c07d6901dce72818e1,10000000000000,0x832212414fcd12ee62b017b21b28220377da901516019838a8fe01d2e4852199ced7aaa69353cadb7877f83ab82ef4b307c0c61e67d6cfb686169551320570493301069669396ebd113c4ecd268e1c1ae2354be5f733d9aadab4d41e8925f72e,194,2165936,0x5556272f4fbe55ab8a7357938c8f9cad677bae9977fa9ec7792ec385ddd7b80d
0xaddc88b5a74211b80ed2b8c5169b85380b7428a8b0a3381a4470d52203eb230f136b423370308783082866f716b06651,0x0100000000000000000000008c0e122960dc2e97dc0059c07d6901dce72818e1,7866700336129188,0x832212414fcd12ee62b017b21b28220377da901516019838a8fe01d2e4852199ced7aaa69353cadb7877f83ab82ef4b307c0c61e67d6cfb686169551320570493301069669396ebd113c4ecd268e1c1ae2354be5f733d9aadab4d41e8925f72e,195,2168699,0x97fc76bf313546519aa44c9b060c3158c884b8369d7ab4878da21d726e75683a
0x84acfd38a13af12add8d82e1ef0842c4dfc1e4175fae5b8ab73770f9050cbf673cafdbf6d8ab679fe9ea13208f50b485,0x0000000000000000000000000000000000000000000000000000000000000000,157711000000000,0x000000000000000000000000000000000000000000000000000000000000000000000000000000000000000000000000000000000000000000000000000000000000000000000000000000000000000000000000000000000000000000000000,196,2168745,0x7b4f4b2f38e2b0e880a6ecde6c2c3b97e833c58a64243aef4027e3067ff4a5ba
0xb501507f67728ec7b09296bf87f4ad133af8f7afc00924727a09b1dedc17c9a868c36d909cff68730c1da66dcfc1e862,0x0000000000000000000000000000000000000000000000000000000000000000,12499989400000,0x000000000000000000000000000000000000000000000000000000000000000000000000000000000000000000000000000000000000000000000000000000000000000000000000000000000000000000000000000000000000000000000000,197,2169600,0x96911641977db0acc915a8a32d64f094b9bda121ed5f4d04dc44e4eb6aab1d45
0x892e8d2225cebeed25e54a59f4167610704fc507170a7b6532584ffa7f66c1dda20c83a2f148fb5f7ec614f340edba60,0x0000000000000000000000000000000000000000000000000000000000000000,1989999000000000,0x000000000000000000000000000000000000000000000000000000000000000000000000000000000000000000000000000000000000000000000000000000000000000000000000000000000000000000000000000000000000000000000000,198,2175587,0x3af3dcb0a5f685c9ef915944850ebc6ea8a5997209743b6916ef7f9fde0c151b
0xa0c673180d97213c1c35fe3bf4e684dd3534baab235a106d1f71b9c8a37e4d37a056d47546964fd075501dff7f76aeaf,0x0000000000000000000000000000000000000000000000000000000000000000,154035009000000,0x000000000000000000000000000000000000000000000000000000000000000000000000000000000000000000000000000000000000000000000000000000000000000000000000000000000000000000000000000000000000000000000000,199,2176505,0x29994cd44c4b164a9889f5835620d4baae5731474bfe968d89624cb50a512b67
0x892e8d2225cebeed25e54a59f4167610704fc507170a7b6532584ffa7f66c1dda20c83a2f148fb5f7ec614f340edba60,0x0000000000000000000000000000000000000000000000000000000000000000,1989999000000000,0x000000000000000000000000000000000000000000000000000000000000000000000000000000000000000000000000000000000000000000000000000000000000000000000000000000000000000000000000000000000000000000000000,200,2176548,0xe3a41d1257349711df71def9ba461dccf7da1a9894ec96d24a783ed79a09e21a
0x892e8d2225cebeed25e54a59f4167610704fc507170a7b6532584ffa7f66c1dda20c83a2f148fb5f7ec614f340edba60,0x0000000000000000000000000000000000000000000000000000000000000000,1989999000000000,0x000000000000000000000000000000000000000000000000000000000000000000000000000000000000000000000000000000000000000000000000000000000000000000000000000000000000000000000000000000000000000000000000,201,2176549,0x7858c5f2707b155254b88e6889134ee6df17ff5fae28a7a9909ac7f0d28d7db3
0x892e8d2225cebeed25e54a59f4167610704fc507170a7b6532584ffa7f66c1dda20c83a2f148fb5f7ec614f340edba60,0x0000000000000000000000000000000000000000000000000000000000000000,1989999000000000,0x000000000000000000000000000000000000000000000000000000000000000000000000000000000000000000000000000000000000000000000000000000000000000000000000000000000000000000000000000000000000000000000000,202,2176554,0xa630bfeeefc426c99c320415d8e1ef5948adac5915b65107fd93573be800403a
0xa6495d3c02b192163a68cd2921cfeef84aee2018bfdb49fdd0063d28f7ad07f517f4326d1cd515f489a66b0571525947,0x0000000000000000000000000000000000000000000000000000000000000000,10000000000000,0x000000000000000000000000000000000000000000000000000000000000000000000000000000000000000000000000000000000000000000000000000000000000000000000000000000000000000000000000000000000000000000000000,205,2311579,0x85a2d89f48320696e27c8e40a91eda5cba5fd3e974de0856118c10ca013da28d
0xa6495d3c02b192163a68cd2921cfeef84aee2018bfdb49fdd0063d28f7ad07f517f4326d1cd515f489a66b0571525947,0x0000000000000000000000000000000000000000000000000000000000000000,3323333000000000,0x000000000000000000000000000000000000000000000000000000000000000000000000000000000000000000000000000000000000000000000000000000000000000000000000000000000000000000000000000000000000000000000000,206,2314766,0x2356cbe330f0d401761e0d150f42f084f2ae68b68e128418fd6c9a44430ab142
0xa6495d3c02b192163a68cd2921cfeef84aee2018bfdb49fdd0063d28f7ad07f517f4326d1cd515f489a66b0571525947,0x0000000000000000000000000000000000000000000000000000000000000000,10000000000000,0x000000000000000000000000000000000000000000000000000000000000000000000000000000000000000000000000000000000000000000000000000000000000000000000000000000000000000000000000000000000000000000000000,207,2533189,0x4c37ac440f69ad745e3278c9cbd96cfbcb979b3209fafee4294ac202cfa2400d
0xab98ea73f3afab04154829f8d12a537cbf31a8b08f7f8e3870f4902001f0011234ed8f9218b40b4ed732d11d889f609d,0x0000000000000000000000000000000000000000000000000000000000000000,56332100000000,0x000000000000000000000000000000000000000000000000000000000000000000000000000000000000000000000000000000000000000000000000000000000000000000000000000000000000000000000000000000000000000000000000,208,2535121,0xd2b900e9cf92d1904dfd9bcd2c2b9ae3918cd82474d6e1d8997ff77cc6fd89ad
0x96652bba2f2f3b6b4fcfdfe9847f6a5604965d0ebac37c1f0c3774da0866140ab69734feec0eb0761f8e08d809c9e12b,0x0000000000000000000000000000000000000000000000000000000000000000,10000000000000,0x000000000000000000000000000000000000000000000000000000000000000000000000000000000000000000000000000000000000000000000000000000000000000000000000000000000000000000000000000000000000000000000000,209,2536549,0x38981237a380cc15f23e3c291a94ee27e91af8d25d2a6f4dc376c24675c3207e
0xa6495d3c02b192163a68cd2921cfeef84aee2018bfdb49fdd0063d28f7ad07f517f4326d1cd515f489a66b0571525947,0x0000000000000000000000000000000000000000000000000000000000000000,323332000000000,0x000000000000000000000000000000000000000000000000000000000000000000000000000000000000000000000000000000000000000000000000000000000000000000000000000000000000000000000000000000000000000000000000,210,2553603,0x9ff6ddb8e2c529624fbaaadf96776e4f02239b632a88f2c6181138e439e79a1a
0xa6495d3c02b192163a68cd2921cfeef84aee2018bfdb49fdd0063d28f7ad07f517f4326d1cd515f489a66b0571525947,0x0000000000000000000000000000000000000000000000000000000000000000,10000000000000,0x000000000000000000000000000000000000000000000000000000000000000000000000000000000000000000000000000000000000000000000000000000000000000000000000000000000000000000000000000000000000000000000000,211,2561651,0x83cb45e33b45b20391c421f24f4dd031a35f9a46bd0f98c35cc9bbaa883f2bc3
0xa6495d3c02b192163a68cd2921cfeef84aee2018bfdb49fdd0063d28f7ad07f517f4326d1cd515f489a66b0571525947,0x0000000000000000000000000000000000000000000000000000000000000000,656600000000000,0x000000000000000000000000000000000000000000000000000000000000000000000000000000000000000000000000000000000000000000000000000000000000000000000000000000000000000000000000000000000000000000000000,212,2575402,0x301c8f1c3af70cc3acd64e05436ba3445efc0b2683dfa1b9b7427355e638d889
0xb0649b1bcae19712e9144e729aae2e3f38aed93d714e8eaac17be5204f2f5a9fefbd58820fa1441fe9bce268d724b3ec,0x010000000000000000000000b2aa50dc43f7c1a932cfe325c47d4b81ea9f1eb3,10000000000000,0x97964da50680d4754c83cfd81da96bca4599b9e01bbcf46e0c6540c518432846acd8480b02818a34849e25eae331639f19fc9b1aa0526ff4e46db5895eba941d4460f3a61766d0cf4450641655332a6b763c0c1f87471545a5ae31a0c3132d8e,214,2604662,0x793d2d7e2485947a597f81f6b0a9158583d84f958a767b804abf054e730bb494
0xb0649b1bcae19712e9144e729aae2e3f38aed93d714e8eaac17be5204f2f5a9fefbd58820fa1441fe9bce268d724b3ec,0x0000000000000000000000000000000000000000000000000000000000000000,323333989399894,0x000000000000000000000000000000000000000000000000000000000000000000000000000000000000000000000000000000000000000000000000000000000000000000000000000000000000000000000000000000000000000000000000,215,2604855,0x9db3851c683e91e08f92931dc460df1d73f6e205c1c73f2517e3239091e129d5
0xb0649b1bcae19712e9144e729aae2e3f38aed93d714e8eaac17be5204f2f5a9fefbd58820fa1441fe9bce268d724b3ec,0x0000000000000000000000000000000000000000000000000000000000000000,333330000000000,0x000000000000000000000000000000000000000000000000000000000000000000000000000000000000000000000000000000000000000000000000000000000000000000000000000000000000000000000000000000000000000000000000,220,2797041,0x07fa432eadf38479c9e8e604974bd6a54f761daa6f24723d68a632507b247eba
0x892e8d2225cebeed25e54a59f4167610704fc507170a7b6532584ffa7f66c1dda20c83a2f148fb5f7ec614f340edba60,0x0000000000000000000000000000000000000000000000000000000000000000,10001000000000,0x000000000000000000000000000000000000000000000000000000000000000000000000000000000000000000000000000000000000000000000000000000000000000000000000000000000000000000000000000000000000000000000000,235,3695867,0xadb835f57012c7173e70e18670571d61fa49a725bbb170bd104c3bbf7202b397
0xb47bc1b35cd4c66f563f3f36285ab49747dde1469cf9972e21da45677aabde4c20d55a24bf7faa6791511a5ba3c8d415,0x01000000000000000000000078af3bba7b20eda97f10c6fa29bec82b4af298d3,10000000000000,0x97b639b95e3b8e0921ac507d9ec4ec4fc080c7d547e7f2488fc1269237ebf5dc3b58e6b640424146d881992d106d8b7019f8ac83c9dfe6c74c2b408046c9bef4a099b4ad284b31a0d967d10ab066e3ac964442636caeda9a47913df2238c2747,236,3853495,0x3713d31330fb48465ba9b2db114840d8497dac3278abe0a4e93a4e6fee057d82
0xb47bc1b35cd4c66f563f3f36285ab49747dde1469cf9972e21da45677aabde4c20d55a24bf7faa6791511a5ba3c8d415,0x0000000000000000000000000000000000000000000000000000000000000000,240000000000000,0x000000000000000000000000000000000000000000000000000000000000000000000000000000000000000000000000000000000000000000000000000000000000000000000000000000000000000000000000000000000000000000000000,237,3853750,0xb590bc542527bfb1fd0f4d902ca08248196c2a0facb9eb6d2af83750e9b394a2
0xa6495d3c02b192163a68cd2921cfeef84aee2018bfdb49fdd0063d28f7ad07f517f4326d1cd515f489a66b0571525947,0x0000000000000000000000000000000000000000000000000000000000000000,10000000000000,0x000000000000000000000000000000000000000000000000000000000000000000000000000000000000000000000000000000000000000000000000000000000000000000000000000000000000000000000000000000000000000000000000,242,4127605,0xd4b01491868e8ece346be6c9bd29834bf7054fe67d6f5a3815e24da82b6d20fa
0xab2f79eeae163596276d5a56e52be4796df33377b157531a839a0174a68ca36e245bee122c4b5364176cf25ec2e0e8fc,0x0100000000000000000000008c0e122960dc2e97dc0059c07d6901dce72818e1,1082578430946601,0x90d3a26920bd61588d1385ba4647ff3e3b680ac37f5214fb2fe407480eec9631b16f3fb9e0e17c3730c2df1ec49c12dd0d5a9bafd2f57c3a47e162c79dfcde9b5daaf943acac226c0a1d6b31155c9d601eaa8f6bcf5210220fc2e441bec4e019,243,4213160,0x91705d5fed2472c95331cc3c71b4c7a064e00cc1f9e49950aaba2b2cc75c3222
0xa6495d3c02b192163a68cd2921cfeef84aee2018bfdb49fdd0063d28f7ad07f517f4326d1cd515f489a66b0571525947,0x0000000000000000000000000000000000000000000000000000000000000000,308333000000000,0x000000000000000000000000000000000000000000000000000000000000000000000000000000000000000000000000000000000000000000000000000000000000000000000000000000000000000000000000000000000000000000000000,244,4298861,0x732f00eeb22e81c45068479454184bd1557666bb0b12c23790b1538130b1f6f8
0xb47bc1b35cd4c66f563f3f36285ab49747dde1469cf9972e21da45677aabde4c20d55a24bf7faa6791511a5ba3c8d415,0x0000000000000000000000000000000000000000000000000000000000000000,100000000000000,0x000000000000000000000000000000000000000000000000000000000000000000000000000000000000000000000000000000000000000000000000000000000000000000000000000000000000000000000000000000000000000000000000,249,4730470,0x9e8bec31edf6fb85bb8cd1a6f9eaa94afa9114faa25b99ccdb51d333a800e0d5
0xb47bc1b35cd4c66f563f3f36285ab49747dde1469cf9972e21da45677aabde4c20d55a24bf7faa6791511a5ba3c8d415,0x0000000000000000000000000000000000000000000000000000000000000000,2000000000000000,0x000000000000000000000000000000000000000000000000000000000000000000000000000000000000000000000000000000000000000000000000000000000000000000000000000000000000000000000000000000000000000000000000,250,4730514,0xa4c21fc43e397b83dbda6179fdb76556e5cde6b485c9bca80cd83ebc8d6ed89d
0xa6495d3c02b192163a68cd2921cfeef84aee2018bfdb49fdd0063d28f7ad07f517f4326d1cd515f489a66b0571525947,0x0000000000000000000000000000000000000000000000000000000000000000,10000000000000,0x000000000000000000000000000000000000000000000000000000000000000000000000000000000000000000000000000000000000000000000000000000000000000000000000000000000000000000000000000000000000000000000000,255,6543993,0xe3f6706d0198193b30be4eb27b9ca60dacee5efc93b997d1715cec7460945332
0xa6495d3c02b192163a68cd2921cfeef84aee2018bfdb49fdd0063d28f7ad07f517f4326d1cd515f489a66b0571525947,0x0000000000000000000000000000000000000000000000000000000000000000,989989000000000,0x000000000000000000000000000000000000000000000000000000000000000000000000000000000000000000000000000000000000000000000000000000000000000000000000000000000000000000000000000000000000000000000000,256,6545733,0x56499cd45a043c2244a80e9748e443e2cd10f67e2168298ac0d37deee040abeb
0x889db08ace4751745c8f46814ae7e953333eb9955e27410235afbb0f7572a8389838a42770464b8db38e1d40777ac4d5,0x01000000000000000000000079473304531b65e2579c2a9f3a9e00e5c65347d5,10000000000000,0x8c96bc7f7b22da5f5a74185136f3134568382a2ab2d6b3d0cea15fb3301e2039aaf1d1be1bddd140c22623dcaf4f753317bc68d7b40aa5ea426b5cab5c706bb488ffd5adb7f039e41e83ecca4efc7b25823d550dfe9d175c49128020bd96894c,257,6608115,0x0c10849fb5fd738daf4c9e52ce38df308ad76afdedf144af0e268c75ca41c8be
0x889db08ace4751745c8f46814ae7e953333eb9955e27410235afbb0f7572a8389838a42770464b8db38e1d40777ac4d5,0x0000000000000000000000000000000000000000000000000000000000000000,240000000000000,0x000000000000000000000000000000000000000000000000000000000000000000000000000000000000000000000000000000000000000000000000000000000000000000000000000000000000000000000000000000000000000000000000,258,6610101,0x78114c385078ae9933957fc2eafe9377548537b11a143fd3def13db6260a8112
0x889db08ace4751745c8f46814ae7e953333eb9955e27410235afbb0f7572a8389838a42770464b8db38e1d40777ac4d5,0x0000000000000000000000000000000000000000000000000000000000000000,4916006000000000,0x000000000000000000000000000000000000000000000000000000000000000000000000000000000000000000000000000000000000000000000000000000000000000000000000000000000000000000000000000000000000000000000000,259,6610878,0xe7ca16fd9541fc91a1c56f20c7915f224a603aca6f490b1c4c12b04f5997d490
0x889db08ace4751745c8f46814ae7e953333eb9955e27410235afbb0f7572a8389838a42770464b8db38e1d40777ac4d5,0x0000000000000000000000000000000000000000000000000000000000000000,80001609400000,0x000000000000000000000000000000000000000000000000000000000000000000000000000000000000000000000000000000000000000000000000000000000000000000000000000000000000000000000000000000000000000000000000,260,6611003,0xd8da4b853ce3039880e28926b7b35636d53f146c28a6ed4108d70ce36589b29f
0xb6380cbd103b20dbde1a47df1d1cc299f01dda8966e10a395e4430ba2871f719529ea5cd9ffa9d48625b0d96dd77fb50,0x0100000000000000000000006b187107e9a24ffbb90bd82fefe67231b413d4cd,10000000000000,0xadf59e470320363b9474107ad97e239f58abebf6695da3042502f9d497ae617b8063c79903ea7b9af3816af490c8e63918d70ec0f6a4a984e3e0b2978280b10e21e9f2d0ad30f77801a6a77ee87b79388abf3e1477057f38f0acff97a80f855e,261,6626968,0x422bbae8e30b81415c9fd253e12f342ec48abae2410be01ce82d7c335ed8220b
0xb6380cbd103b20dbde1a47df1d1cc299f01dda8966e10a395e4430ba2871f719529ea5cd9ffa9d48625b0d96dd77fb50,0x0000000000000000000000000000000000000000000000000000000000000000,240000000000000,0x000000000000000000000000000000000000000000000000000000000000000000000000000000000000000000000000000000000000000000000000000000000000000000000000000000000000000000000000000000000000000000000000,262,6680732,0x1725042c236d6e2e1dfbb9ef4e06fb638c6a11ab94e954607b90ab70a0cdcf15
0xb6380cbd103b20dbde1a47df1d1cc299f01dda8966e10a395e4430ba2871f719529ea5cd9ffa9d48625b0d96dd77fb50,0x0000000000000000000000000000000000000000000000000000000000000000,118852500000000,0x000000000000000000000000000000000000000000000000000000000000000000000000000000000000000000000000000000000000000000000000000000000000000000000000000000000000000000000000000000000000000000000000,265,6708937,0x29aab52d03515642c32358f7a379db0621d79b278d13fef8400e930909e16c2e
0xb0649b1bcae19712e9144e729aae2e3f38aed93d714e8eaac17be5204f2f5a9fefbd58820fa1441fe9bce268d724b3ec,0x0000000000000000000000000000000000000000000000000000000000000000,83333000000000,0x000000000000000000000000000000000000000000000000000000000000000000000000000000000000000000000000000000000000000000000000000000000000000000000000000000000000000000000000000000000000000000000000,266,6804146,0x9da195762301766d3dfe9b82347e695a02bcf0076326aab3b7d1628b4d02cd33
0x89cbd542c737cca4bc33f1ea5084a857a7620042fe37fd326ecf5aeb61f2ce096043cd0ed57ba44693cf606978b566ba,0x0000000000000000000000000000000000000000000000000000000000000000,100629749022493,0x000000000000000000000000000000000000000000000000000000000000000000000000000000000000000000000000000000000000000000000000000000000000000000000000000000000000000000000000000000000000000000000000,267,6807540,0xdba6de784347b335d9e4bb2a5a04525911479763abfddf70283f7931e81b8f65
0xb82a791d7c3d72efa6759e0250785346266d6c70ed881424ec63ad4d060904983bc57903fa133a9bc00c2d6f9b12964d,0x0000000000000000000000000000000000000000000000000000000000000000,43127035295354,0x000000000000000000000000000000000000000000000000000000000000000000000000000000000000000000000000000000000000000000000000000000000000000000000000000000000000000000000000000000000000000000000000,268,6807542,0x69075937c4a1024db5d5868277039b3ce9d0f47e6a045b70bc732c85c423d265
0xb6380cbd103b20dbde1a47df1d1cc299f01dda8966e10a395e4430ba2871f719529ea5cd9ffa9d48625b0d96dd77fb50,0x0000000000000000000000000000000000000000000000000000000000000000,368853029396496,0x000000000000000000000000000000000000000000000000000000000000000000000000000000000000000000000000000000000000000000000000000000000000000000000000000000000000000000000000000000000000000000000000,269,6889883,0x4683bd60ee3ea62ed07411b5de2108976dc259d143a47a9ea7a51b91fd0e6850
0x89543c3e50251ae355835484faf7cb38dacfca943b97fef9c9ee1e47248258a7198da417bf8fc6771fa7ef16a8adec0f,0x0000000000000000000000000000000000000000000000000000000000000000,10000000000000,0x000000000000000000000000000000000000000000000000000000000000000000000000000000000000000000000000000000000000000000000000000000000000000000000000000000000000000000000000000000000000000000000000,354,9379575,0x6492bd84b4899bc41833c73536866c103f0ebc29727af18cc2001c3e4cf92fe8
0xa7f3186065f3f18a4b21b661f40941b942dad39062d9df399d94a18870e0600f1ccab51ee71ca5d6f971b79c2e51d6de,0x0000000000000000000000000000000000000000000000000000000000000000,10000000000000,0x000000000000000000000000000000000000000000000000000000000000000000000000000000000000000000000000000000000000000000000000000000000000000000000000000000000000000000000000000000000000000000000000,392,10332631,0xaea1d0fb75c8239d3ced052ea808746b1518ab5d4acc3fefc56a58ac0b691e55
0xad7b9606441923d81d9f6350259133bef3990ee663f88501fe0e7488b3e863b8eb1b24b88a1e15420175b9eb06b1720c,0x0100000000000000000000000b2261d5b8748aaf43e138c0a4a556659150a11a,10000000000000,0x8437bbb5c8c3c4b8c4b6f8b6845985cb40004b69531360b36aee152e0480016d83b5a7f0ed20264f7547ba355d1e3288186d49c7729e2efedbecd56602c428c39d77fe52fa2805ec38698d684be0e617ec339726dd625908e51e45cf2020367c,443,11431349,0xfd2d714701dc432766147bb09a57acd65296c2cba9756a9a53ea55d8f2e4fda2
0xad7b9606441923d81d9f6350259133bef3990ee663f88501fe0e7488b3e863b8eb1b24b88a1e15420175b9eb06b1720c,0x0000000000000000000000000000000000000000000000000000000000000000,250000000000000,0x000000000000000000000000000000000000000000000000000000000000000000000000000000000000000000000000000000000000000000000000000000000000000000000000000000000000000000000000000000000000000000000000,444,11431593,0x00ca3f1a114af4f0640dc38815ead4b7b4f0360199057d913f5fa76d51b0fcb4
0xaa6632a2b6817e311ec60b732c5a627056dadf30728bade3a0ef4a86d314ad4f6b2343039e20e59df7fc4771f017af7d,0x0100000000000000000000000b2261d5b8748aaf43e138c0a4a556659150a11a,10000000000000,0xa525b42c16f5ef78f09c5702916852384c16a380c38df7dc8487f09b6e4b16ede4d0c9fd06e8dc26c3df467351de29b71610d4d93e70c94a52be8e770e9a008927a1ea89190774361dd596487b3221af6dc24bb840153769f4ae6e221d576341,445,11435705,0x7819177055364e5b507bc2ee8d6ad5d2d1895764503b1207c54cfbcff84168f5
0xafe180dc2fd98270c34bc4d5496dd3e6a1caf02aa5a03ea1da55277f11c84b4cdfa81c1adfa852b7f27f9448959c483f,0x0100000000000000000000000b2261d5b8748aaf43e138c0a4a556659150a11a,10000000000000,0x8bf68cadad1b59b2c87662e24f30ff5e1f574d0f365994263b2f2d7faedccf0657bb912ef2805e485dea7502769a8d3a0da9998a038787f0255a8cba8046e67617dae65a83f3111483193bd388ffce5d1147b2e16ead09c37e18a846e2056176,446,11438074,0x39084a607d1720c291de43ab0fcaff065219bbb164af3649f6c649e311ca6b05
0xafe180dc2fd98270c34bc4d5496dd3e6a1caf02aa5a03ea1da55277f11c84b4cdfa81c1adfa852b7f27f9448959c483f,0x0000000000000000000000000000000000000000000000000000000000000000,250000000000000,0x000000000000000000000000000000000000000000000000000000000000000000000000000000000000000000000000000000000000000000000000000000000000000000000000000000000000000000000000000000000000000000000000,447,11438354,0x1ea29be368c0320ebcba604559cf53c1dd39bfccd54a185adb7910f187470e86
0xafe180dc2fd98270c34bc4d5496dd3e6a1caf02aa5a03ea1da55277f11c84b4cdfa81c1adfa852b7f27f9448959c483f,0x0000000000000000000000000000000000000000000000000000000000000000,9740000000000000,0x000000000000000000000000000000000000000000000000000000000000000000000000000000000000000000000000000000000000000000000000000000000000000000000000000000000000000000000000000000000000000000000000,448,11439182,0x1d501c75be1f23d737736ce1ca5e16f79904d590f47be785855e33d819897e4c
0xad7b9606441923d81d9f6350259133bef3990ee663f88501fe0e7488b3e863b8eb1b24b88a1e15420175b9eb06b1720c,0x0000000000000000000000000000000000000000000000000000000000000000,9740000000000000,0x000000000000000000000000000000000000000000000000000000000000000000000000000000000000000000000000000000000000000000000000000000000000000000000000000000000000000000000000000000000000000000000000,449,11439765,0x7dbfdc4e0d5e090f3b833f6a52491f9025093cc7c020c03a0c9fae6efe0e8731
0xaa6632a2b6817e311ec60b732c5a627056dadf30728bade3a0ef4a86d314ad4f6b2343039e20e59df7fc4771f017af7d,0x0000000000000000000000000000000000000000000000000000000000000000,250000000000000,0x000000000000000000000000000000000000000000000000000000000000000000000000000000000000000000000000000000000000000000000000000000000000000000000000000000000000000000000000000000000000000000000000,450,11440593,0x06abffe5a429f433e49371cdf2fcc256c767b21abcb6617f3c12ebce6301fc9e
0xaa6632a2b6817e311ec60b732c5a627056dadf30728bade3a0ef4a86d314ad4f6b2343039e20e59df7fc4771f017af7d,0x0000000000000000000000000000000000000000000000000000000000000000,9740000000000000,0x000000000000000000000000000000000000000000000000000000000000000000000000000000000000000000000000000000000000000000000000000000000000000000000000000000000000000000000000000000000000000000000000,451,11441225,0x3decad09572bb174b1c8b7c6897cf0f944552565bd26b9a5b74743ab489321d3
0x82ba04ebb0d7544e0a1737873d6f161b3292732735a2b224c3a7de6eff0a82631dd80b50c59991f43bc2a3a4032bc34d,0x0100000000000000000000000b2261d5b8748aaf43e138c0a4a556659150a11a,10000000000000,0x80cdf24491c9a34edb7295da3db8f9f9471d08e71bdfba12057df53a640e0661b8b3e736bef7d2e84c0627a47edc329b0400a5b4aab145ece79fe06274de7ca0a4c70625116612243a00371953389b7902b66d3926d847a8d33ceb32882c0f73,452,11441602,0xb127c293dd59b962d590d0ef61dbf2e964833be35d45671c762055f7b2047f04
0x82ba04ebb0d7544e0a1737873d6f161b3292732735a2b224c3a7de6eff0a82631dd80b50c59991f43bc2a3a4032bc34d,0x0000000000000000000000000000000000000000000000000000000000000000,250000000000000,0x000000000000000000000000000000000000000000000000000000000000000000000000000000000000000000000000000000000000000000000000000000000000000000000000000000000000000000000000000000000000000000000000,453,11443371,0xf1191e40f0363711d41254d83731184f9c55525a8deb8bc5c72af5b85f632ae8
0x82ba04ebb0d7544e0a1737873d6f161b3292732735a2b224c3a7de6eff0a82631dd80b50c59991f43bc2a3a4032bc34d,0x0000000000000000000000000000000000000000000000000000000000000000,9740000000000000,0x000000000000000000000000000000000000000000000000000000000000000000000000000000000000000000000000000000000000000000000000000000000000000000000000000000000000000000000000000000000000000000000000,454,11445934,0xb3c4dea7645a2bb5993e22eefd15c7bbc8d4d5cd8cfdd10a2082bbee33af11b4